Timestamp,Level,Process,PID,Parent,Reason
2026-04-30 11:55:32,HIGH,MDCoreSvc,-,Service,Suspicious path or unknown executable
2026-04-30 11:55:32,HIGH,WdNisSvc,-,Service,Suspicious path or unknown executable
2026-04-30 11:55:33,HIGH,WinDefend,-,Service,Suspicious path or unknown executable
2026-04-30 11:55:33,MEDIUM,system,4,system idle process,"Untrusted process, Unknown app from unusual path"
2026-04-30 11:55:33,MEDIUM,,92,system,"Untrusted process, Unknown app from unusual path"
2026-04-30 11:55:33,MEDIUM,registry,136,system,"Untrusted process, Unknown app from unusual path"
2026-04-30 11:55:34,MEDIUM,memcompression,2880,system,"Untrusted process, Unknown app from unusual path"
2026-04-30 11:55:34,MEDIUM,nissrv.exe,4184,services.exe,"Untrusted process, Unknown app from unusual path"
2026-04-30 11:55:35,MEDIUM,mpdefendercoreservice.exe,5676,services.exe,"Untrusted process, Unknown app from unusual path"
2026-04-30 11:55:36,MEDIUM,msmpeng.exe,6120,services.exe,"Untrusted process, Unknown app from unusual path"
2026-04-30 11:55:38,HIGH,conhost.exe,24916,cmd.exe,"Untrusted process, Suspicious process spawned by shell"
2026-04-30 11:55:38,MEDIUM,pet.exe,24948,code.exe,"Untrusted process, Unknown app from unusual path"
2026-04-30 11:55:43,MEDIUM,system,4,system idle process,"Untrusted process, Unknown app from unusual path"
2026-04-30 11:55:43,MEDIUM,,92,system,"Untrusted process, Unknown app from unusual path"
2026-04-30 11:55:43,MEDIUM,registry,136,system,"Untrusted process, Unknown app from unusual path"
2026-04-30 11:55:43,MEDIUM,memcompression,2880,system,"Untrusted process, Unknown app from unusual path"
2026-04-30 11:55:44,MEDIUM,nissrv.exe,4184,services.exe,"Untrusted process, Unknown app from unusual path"
2026-04-30 11:55:44,MEDIUM,mpdefendercoreservice.exe,5676,services.exe,"Untrusted process, Unknown app from unusual path"
2026-04-30 11:55:44,MEDIUM,msmpeng.exe,6120,services.exe,"Untrusted process, Unknown app from unusual path"
2026-04-30 11:55:45,HIGH,conhost.exe,24916,cmd.exe,"Untrusted process, Suspicious process spawned by shell"
2026-04-30 11:55:45,MEDIUM,pet.exe,24948,code.exe,"Untrusted process, Unknown app from unusual path"
2026-04-30 11:55:50,MEDIUM,system,4,system idle process,"Untrusted process, Unknown app from unusual path"
2026-04-30 11:55:50,MEDIUM,,92,system,"Untrusted process, Unknown app from unusual path"
2026-04-30 11:55:50,MEDIUM,registry,136,system,"Untrusted process, Unknown app from unusual path"
2026-04-30 11:55:51,MEDIUM,memcompression,2880,system,"Untrusted process, Unknown app from unusual path"
2026-04-30 11:55:51,MEDIUM,nissrv.exe,4184,services.exe,"Untrusted process, Unknown app from unusual path"
2026-04-30 11:55:52,MEDIUM,mpdefendercoreservice.exe,5676,services.exe,"Untrusted process, Unknown app from unusual path"
2026-04-30 11:55:52,MEDIUM,msmpeng.exe,6120,services.exe,"Untrusted process, Unknown app from unusual path"
2026-04-30 11:55:53,HIGH,conhost.exe,24916,cmd.exe,"Untrusted process, Suspicious process spawned by shell"
2026-04-30 11:55:53,MEDIUM,pet.exe,24948,code.exe,"Untrusted process, Unknown app from unusual path"
2026-04-30 11:55:58,MEDIUM,system,4,system idle process,"Untrusted process, Unknown app from unusual path"
2026-04-30 11:55:58,MEDIUM,,92,system,"Untrusted process, Unknown app from unusual path"
2026-04-30 11:55:58,MEDIUM,registry,136,system,"Untrusted process, Unknown app from unusual path"
2026-04-30 11:55:58,MEDIUM,memcompression,2880,system,"Untrusted process, Unknown app from unusual path"
2026-04-30 11:55:59,MEDIUM,nissrv.exe,4184,services.exe,"Untrusted process, Unknown app from unusual path"
2026-04-30 11:55:59,MEDIUM,mpdefendercoreservice.exe,5676,services.exe,"Untrusted process, Unknown app from unusual path"
2026-04-30 11:55:59,MEDIUM,msmpeng.exe,6120,services.exe,"Untrusted process, Unknown app from unusual path"
2026-04-30 11:56:00,HIGH,conhost.exe,24916,cmd.exe,"Untrusted process, Suspicious process spawned by shell"
2026-04-30 11:56:00,MEDIUM,pet.exe,24948,code.exe,"Untrusted process, Unknown app from unusual path"
2026-04-30 11:58:33,HIGH,MDCoreSvc,-,Service,Suspicious path or unknown executable
2026-04-30 11:58:34,HIGH,WdNisSvc,-,Service,Suspicious path or unknown executable
2026-04-30 11:58:34,HIGH,WinDefend,-,Service,Suspicious path or unknown executable
2026-04-30 11:58:35,MEDIUM,system,4,system idle process,"Untrusted process, Unknown app from unusual path"
2026-04-30 11:58:35,MEDIUM,,92,system,"Untrusted process, Unknown app from unusual path"
2026-04-30 11:58:35,MEDIUM,registry,136,system,"Untrusted process, Unknown app from unusual path"
2026-04-30 11:58:36,MEDIUM,memcompression,2880,system,"Untrusted process, Unknown app from unusual path"
2026-04-30 11:58:36,MEDIUM,nissrv.exe,4184,services.exe,"Untrusted process, Unknown app from unusual path"
2026-04-30 11:58:37,MEDIUM,mpdefendercoreservice.exe,5676,services.exe,"Untrusted process, Unknown app from unusual path"
2026-04-30 11:58:37,MEDIUM,msmpeng.exe,6120,services.exe,"Untrusted process, Unknown app from unusual path"
2026-04-30 11:58:39,HIGH,conhost.exe,24916,cmd.exe,"Untrusted process, Suspicious process spawned by shell"
2026-04-30 11:58:39,MEDIUM,pet.exe,24948,code.exe,"Untrusted process, Unknown app from unusual path"
2026-04-30 11:58:44,MEDIUM,system,4,system idle process,"Untrusted process, Unknown app from unusual path"
2026-04-30 11:58:44,MEDIUM,,92,system,"Untrusted process, Unknown app from unusual path"
2026-04-30 11:58:44,MEDIUM,registry,136,system,"Untrusted process, Unknown app from unusual path"
2026-04-30 11:58:45,MEDIUM,memcompression,2880,system,"Untrusted process, Unknown app from unusual path"
2026-04-30 11:58:45,MEDIUM,nissrv.exe,4184,services.exe,"Untrusted process, Unknown app from unusual path"
2026-04-30 11:58:46,MEDIUM,mpdefendercoreservice.exe,5676,services.exe,"Untrusted process, Unknown app from unusual path"
2026-04-30 11:58:46,MEDIUM,msmpeng.exe,6120,services.exe,"Untrusted process, Unknown app from unusual path"
2026-04-30 11:58:47,HIGH,conhost.exe,24916,cmd.exe,"Untrusted process, Suspicious process spawned by shell"
2026-04-30 11:58:47,MEDIUM,pet.exe,24948,code.exe,"Untrusted process, Unknown app from unusual path"
2026-04-30 11:58:52,MEDIUM,system,4,system idle process,"Untrusted process, Unknown app from unusual path"
2026-04-30 11:58:52,MEDIUM,,92,system,"Untrusted process, Unknown app from unusual path"
2026-04-30 11:58:52,MEDIUM,registry,136,system,"Untrusted process, Unknown app from unusual path"
2026-04-30 11:58:52,MEDIUM,memcompression,2880,system,"Untrusted process, Unknown app from unusual path"
2026-04-30 11:58:53,MEDIUM,nissrv.exe,4184,services.exe,"Untrusted process, Unknown app from unusual path"
2026-04-30 11:58:53,MEDIUM,mpdefendercoreservice.exe,5676,services.exe,"Untrusted process, Unknown app from unusual path"
2026-04-30 11:58:53,MEDIUM,msmpeng.exe,6120,services.exe,"Untrusted process, Unknown app from unusual path"
2026-04-30 11:58:54,HIGH,conhost.exe,24916,cmd.exe,"Untrusted process, Suspicious process spawned by shell"
2026-04-30 11:58:54,MEDIUM,pet.exe,24948,code.exe,"Untrusted process, Unknown app from unusual path"
2026-04-30 11:58:59,MEDIUM,system,4,system idle process,"Untrusted process, Unknown app from unusual path"
2026-04-30 11:58:59,MEDIUM,,92,system,"Untrusted process, Unknown app from unusual path"
2026-04-30 11:58:59,MEDIUM,registry,136,system,"Untrusted process, Unknown app from unusual path"
2026-04-30 11:59:00,MEDIUM,memcompression,2880,system,"Untrusted process, Unknown app from unusual path"
2026-04-30 11:59:00,MEDIUM,nissrv.exe,4184,services.exe,"Untrusted process, Unknown app from unusual path"
2026-04-30 11:59:01,MEDIUM,mpdefendercoreservice.exe,5676,services.exe,"Untrusted process, Unknown app from unusual path"
2026-04-30 11:59:01,MEDIUM,msmpeng.exe,6120,services.exe,"Untrusted process, Unknown app from unusual path"
2026-04-30 11:59:02,HIGH,conhost.exe,24916,cmd.exe,"Untrusted process, Suspicious process spawned by shell"
2026-04-30 11:59:02,MEDIUM,pet.exe,24948,code.exe,"Untrusted process, Unknown app from unusual path"
2026-04-30 12:01:33,HIGH,MDCoreSvc,-,Service,Suspicious path or unknown executable
2026-04-30 12:01:34,HIGH,WdNisSvc,-,Service,Suspicious path or unknown executable
2026-04-30 12:01:34,HIGH,WinDefend,-,Service,Suspicious path or unknown executable
2026-04-30 12:01:34,MEDIUM,system,4,system idle process,"Untrusted process, Unknown app from unusual path"
2026-04-30 12:01:34,MEDIUM,,92,system,"Untrusted process, Unknown app from unusual path"
2026-04-30 12:01:34,MEDIUM,registry,136,system,"Untrusted process, Unknown app from unusual path"
2026-04-30 12:01:35,MEDIUM,memcompression,2880,system,"Untrusted process, Unknown app from unusual path"
2026-04-30 12:01:39,HIGH,conhost.exe,24916,cmd.exe,"Untrusted process, Suspicious process spawned by shell"
2026-04-30 12:01:39,MEDIUM,pet.exe,24948,code.exe,"Untrusted process, Unknown app from unusual path"
2026-04-30 12:01:44,MEDIUM,system,4,system idle process,"Untrusted process, Unknown app from unusual path"
2026-04-30 12:01:44,MEDIUM,,92,system,"Untrusted process, Unknown app from unusual path"
2026-04-30 12:01:44,MEDIUM,registry,136,system,"Untrusted process, Unknown app from unusual path"
2026-04-30 12:01:45,MEDIUM,memcompression,2880,system,"Untrusted process, Unknown app from unusual path"
2026-04-30 12:01:47,HIGH,conhost.exe,24916,cmd.exe,"Untrusted process, Suspicious process spawned by shell"
2026-04-30 12:01:47,MEDIUM,pet.exe,24948,code.exe,"Untrusted process, Unknown app from unusual path"
2026-04-30 12:01:52,MEDIUM,system,4,system idle process,"Untrusted process, Unknown app from unusual path"
2026-04-30 12:01:52,MEDIUM,,92,system,"Untrusted process, Unknown app from unusual path"
2026-04-30 12:01:52,MEDIUM,registry,136,system,"Untrusted process, Unknown app from unusual path"
2026-04-30 12:01:52,MEDIUM,memcompression,2880,system,"Untrusted process, Unknown app from unusual path"
2026-04-30 12:01:54,HIGH,conhost.exe,24916,cmd.exe,"Untrusted process, Suspicious process spawned by shell"
2026-04-30 12:01:54,MEDIUM,pet.exe,24948,code.exe,"Untrusted process, Unknown app from unusual path"
2026-04-30 12:01:59,MEDIUM,system,4,system idle process,"Untrusted process, Unknown app from unusual path"
2026-04-30 12:01:59,MEDIUM,,92,system,"Untrusted process, Unknown app from unusual path"
2026-04-30 12:01:59,MEDIUM,registry,136,system,"Untrusted process, Unknown app from unusual path"
2026-04-30 12:02:00,MEDIUM,memcompression,2880,system,"Untrusted process, Unknown app from unusual path"
2026-04-30 12:02:02,HIGH,conhost.exe,24916,cmd.exe,"Untrusted process, Suspicious process spawned by shell"
2026-04-30 12:02:02,MEDIUM,pet.exe,24948,code.exe,"Untrusted process, Unknown app from unusual path"
2026-04-30 12:02:07,MEDIUM,system,4,system idle process,"Untrusted process, Unknown app from unusual path"
2026-04-30 12:02:07,MEDIUM,,92,system,"Untrusted process, Unknown app from unusual path"
2026-04-30 12:02:07,MEDIUM,registry,136,system,"Untrusted process, Unknown app from unusual path"
2026-04-30 12:02:07,MEDIUM,memcompression,2880,system,"Untrusted process, Unknown app from unusual path"
2026-04-30 12:02:09,HIGH,conhost.exe,24916,cmd.exe,"Untrusted process, Suspicious process spawned by shell"
2026-04-30 12:02:09,MEDIUM,pet.exe,24948,code.exe,"Untrusted process, Unknown app from unusual path"
2026-04-30 12:03:43,MEDIUM,system,4,system idle process,"Untrusted process, Unknown app from unusual path"
2026-04-30 12:03:43,MEDIUM,,92,system,"Untrusted process, Unknown app from unusual path"
2026-04-30 12:03:43,MEDIUM,registry,136,system,"Untrusted process, Unknown app from unusual path"
2026-04-30 12:03:44,MEDIUM,memcompression,2880,system,"Untrusted process, Unknown app from unusual path"
2026-04-30 12:03:48,HIGH,conhost.exe,24916,cmd.exe,"Untrusted process, Suspicious process spawned by shell"
2026-04-30 12:03:48,MEDIUM,pet.exe,24948,code.exe,"Untrusted process, Unknown app from unusual path"
2026-04-30 12:03:53,MEDIUM,system,4,system idle process,"Untrusted process, Unknown app from unusual path"
2026-04-30 12:03:53,MEDIUM,,92,system,"Untrusted process, Unknown app from unusual path"
2026-04-30 12:03:53,MEDIUM,registry,136,system,"Untrusted process, Unknown app from unusual path"
2026-04-30 12:03:54,MEDIUM,memcompression,2880,system,"Untrusted process, Unknown app from unusual path"
2026-04-30 12:03:56,HIGH,conhost.exe,24916,cmd.exe,"Untrusted process, Suspicious process spawned by shell"
2026-04-30 12:03:56,MEDIUM,pet.exe,24948,code.exe,"Untrusted process, Unknown app from unusual path"
2026-04-30 12:04:01,MEDIUM,system,4,system idle process,"Untrusted process, Unknown app from unusual path"
2026-04-30 12:04:01,MEDIUM,,92,system,"Untrusted process, Unknown app from unusual path"
2026-04-30 12:04:01,MEDIUM,registry,136,system,"Untrusted process, Unknown app from unusual path"
2026-04-30 12:04:02,MEDIUM,memcompression,2880,system,"Untrusted process, Unknown app from unusual path"
2026-04-30 12:04:04,HIGH,conhost.exe,24916,cmd.exe,"Untrusted process, Suspicious process spawned by shell"
2026-04-30 12:04:04,MEDIUM,pet.exe,24948,code.exe,"Untrusted process, Unknown app from unusual path"
2026-04-30 12:04:09,MEDIUM,system,4,system idle process,"Untrusted process, Unknown app from unusual path"
2026-04-30 12:04:09,MEDIUM,,92,system,"Untrusted process, Unknown app from unusual path"
2026-04-30 12:04:09,MEDIUM,registry,136,system,"Untrusted process, Unknown app from unusual path"
2026-04-30 12:04:09,MEDIUM,memcompression,2880,system,"Untrusted process, Unknown app from unusual path"
2026-04-30 12:04:11,HIGH,conhost.exe,24916,cmd.exe,"Untrusted process, Suspicious process spawned by shell"
2026-04-30 12:04:11,MEDIUM,pet.exe,24948,code.exe,"Untrusted process, Unknown app from unusual path"
2026-04-30 12:11:31,MEDIUM,system,4,system idle process,"Untrusted process, Unknown app from unusual path"
2026-04-30 12:11:31,MEDIUM,,92,system,"Untrusted process, Unknown app from unusual path"
2026-04-30 12:11:31,MEDIUM,registry,136,system,"Untrusted process, Unknown app from unusual path"
2026-04-30 12:11:32,MEDIUM,memcompression,2880,system,"Untrusted process, Unknown app from unusual path"
2026-04-30 12:11:36,HIGH,conhost.exe,24916,cmd.exe,"Untrusted process, Suspicious process spawned by shell"
2026-04-30 12:11:36,MEDIUM,pet.exe,24948,code.exe,"Untrusted process, Unknown app from unusual path"
2026-04-30 12:11:41,MEDIUM,system,4,system idle process,"Untrusted process, Unknown app from unusual path"
2026-04-30 12:11:41,MEDIUM,,92,system,"Untrusted process, Unknown app from unusual path"
2026-04-30 12:11:41,MEDIUM,registry,136,system,"Untrusted process, Unknown app from unusual path"
2026-04-30 12:11:42,MEDIUM,memcompression,2880,system,"Untrusted process, Unknown app from unusual path"
2026-04-30 12:11:44,HIGH,conhost.exe,24916,cmd.exe,"Untrusted process, Suspicious process spawned by shell"
2026-04-30 12:11:44,MEDIUM,pet.exe,24948,code.exe,"Untrusted process, Unknown app from unusual path"
2026-04-30 12:11:49,MEDIUM,system,4,system idle process,"Untrusted process, Unknown app from unusual path"
2026-04-30 12:11:49,MEDIUM,,92,system,"Untrusted process, Unknown app from unusual path"
2026-04-30 12:11:49,MEDIUM,registry,136,system,"Untrusted process, Unknown app from unusual path"
2026-04-30 12:11:50,MEDIUM,memcompression,2880,system,"Untrusted process, Unknown app from unusual path"
2026-04-30 12:11:52,HIGH,conhost.exe,24916,cmd.exe,"Untrusted process, Suspicious process spawned by shell"
2026-04-30 12:11:52,MEDIUM,pet.exe,24948,code.exe,"Untrusted process, Unknown app from unusual path"
2026-04-30 12:11:57,MEDIUM,system,4,system idle process,"Untrusted process, Unknown app from unusual path"
2026-04-30 12:11:57,MEDIUM,,92,system,"Untrusted process, Unknown app from unusual path"
2026-04-30 12:11:57,MEDIUM,registry,136,system,"Untrusted process, Unknown app from unusual path"
2026-04-30 12:11:58,MEDIUM,memcompression,2880,system,"Untrusted process, Unknown app from unusual path"
2026-04-30 12:12:00,HIGH,conhost.exe,24916,cmd.exe,"Untrusted process, Suspicious process spawned by shell"
2026-04-30 12:12:00,MEDIUM,pet.exe,24948,code.exe,"Untrusted process, Unknown app from unusual path"
2026-04-30 12:12:05,MEDIUM,system,4,system idle process,"Untrusted process, Unknown app from unusual path"
2026-04-30 12:12:05,MEDIUM,,92,system,"Untrusted process, Unknown app from unusual path"
2026-04-30 12:12:05,MEDIUM,registry,136,system,"Untrusted process, Unknown app from unusual path"
2026-04-30 12:12:06,MEDIUM,memcompression,2880,system,"Untrusted process, Unknown app from unusual path"
2026-04-30 12:12:08,HIGH,conhost.exe,24916,cmd.exe,"Untrusted process, Suspicious process spawned by shell"
2026-04-30 12:12:08,MEDIUM,pet.exe,24948,code.exe,"Untrusted process, Unknown app from unusual path"
2026-04-30 12:12:13,MEDIUM,system,4,system idle process,"Untrusted process, Unknown app from unusual path"
2026-04-30 12:12:13,MEDIUM,,92,system,"Untrusted process, Unknown app from unusual path"
2026-04-30 12:12:13,MEDIUM,registry,136,system,"Untrusted process, Unknown app from unusual path"
2026-04-30 12:12:14,MEDIUM,memcompression,2880,system,"Untrusted process, Unknown app from unusual path"
2026-04-30 12:12:16,HIGH,conhost.exe,24916,cmd.exe,"Untrusted process, Suspicious process spawned by shell"
2026-04-30 12:12:16,MEDIUM,pet.exe,24948,code.exe,"Untrusted process, Unknown app from unusual path"
2026-04-30 12:16:35,MEDIUM,system,4,system idle process,"Untrusted process, Unknown app from unusual path"
2026-04-30 12:16:35,MEDIUM,,92,system,"Untrusted process, Unknown app from unusual path"
2026-04-30 12:16:35,MEDIUM,registry,136,system,"Untrusted process, Unknown app from unusual path"
2026-04-30 12:16:37,MEDIUM,memcompression,2880,system,"Untrusted process, Unknown app from unusual path"
2026-04-30 12:16:40,MEDIUM,pet.exe,24948,code.exe,"Untrusted process, Unknown app from unusual path"
2026-04-30 12:16:45,MEDIUM,system,4,system idle process,"Untrusted process, Unknown app from unusual path"
2026-04-30 12:16:45,MEDIUM,,92,system,"Untrusted process, Unknown app from unusual path"
2026-04-30 12:16:45,MEDIUM,registry,136,system,"Untrusted process, Unknown app from unusual path"
2026-04-30 12:16:46,MEDIUM,memcompression,2880,system,"Untrusted process, Unknown app from unusual path"
2026-04-30 12:16:48,MEDIUM,pet.exe,24948,code.exe,"Untrusted process, Unknown app from unusual path"
2026-04-30 12:16:53,MEDIUM,system,4,system idle process,"Untrusted process, Unknown app from unusual path"
2026-04-30 12:16:53,MEDIUM,,92,system,"Untrusted process, Unknown app from unusual path"
2026-04-30 12:16:53,MEDIUM,registry,136,system,"Untrusted process, Unknown app from unusual path"
2026-04-30 12:16:54,MEDIUM,memcompression,2880,system,"Untrusted process, Unknown app from unusual path"
2026-04-30 12:16:56,MEDIUM,pet.exe,24948,code.exe,"Untrusted process, Unknown app from unusual path"
2026-04-30 12:17:01,MEDIUM,system,4,system idle process,"Untrusted process, Unknown app from unusual path"
2026-04-30 12:17:01,MEDIUM,,92,system,"Untrusted process, Unknown app from unusual path"
2026-04-30 12:17:01,MEDIUM,registry,136,system,"Untrusted process, Unknown app from unusual path"
2026-04-30 12:19:50,MEDIUM,system,4,system idle process,"Untrusted process, Unknown app from unusual path"
2026-04-30 12:19:50,MEDIUM,,92,system,"Untrusted process, Unknown app from unusual path"
2026-04-30 12:19:50,MEDIUM,registry,136,system,"Untrusted process, Unknown app from unusual path"
2026-04-30 12:19:51,MEDIUM,memcompression,2880,system,"Untrusted process, Unknown app from unusual path"
2026-04-30 12:19:53,HIGH,powershell.exe,6520,cmd.exe,"Untrusted process, Suspicious process spawned by shell"
2026-04-30 12:19:54,HIGH,notepad.exe,16708,powershell.exe,"Untrusted process, Suspicious process spawned by shell"
2026-04-30 12:19:55,MEDIUM,pet.exe,24948,code.exe,"Untrusted process, Unknown app from unusual path"
2026-04-30 12:20:00,MEDIUM,system,4,system idle process,"Untrusted process, Unknown app from unusual path"
2026-04-30 12:20:00,MEDIUM,,92,system,"Untrusted process, Unknown app from unusual path"
2026-04-30 12:20:00,MEDIUM,registry,136,system,"Untrusted process, Unknown app from unusual path"
2026-04-30 12:20:01,MEDIUM,memcompression,2880,system,"Untrusted process, Unknown app from unusual path"
2026-04-30 12:20:02,HIGH,powershell.exe,6520,cmd.exe,"Untrusted process, Suspicious process spawned by shell"
2026-04-30 12:20:03,HIGH,notepad.exe,16708,powershell.exe,"Untrusted process, Suspicious process spawned by shell"
2026-04-30 12:20:03,MEDIUM,pet.exe,24948,code.exe,"Untrusted process, Unknown app from unusual path"
2026-04-30 12:20:08,MEDIUM,system,4,system idle process,"Untrusted process, Unknown app from unusual path"
2026-04-30 12:20:08,MEDIUM,,92,system,"Untrusted process, Unknown app from unusual path"
2026-04-30 12:20:08,MEDIUM,registry,136,system,"Untrusted process, Unknown app from unusual path"
2026-04-30 12:20:09,MEDIUM,memcompression,2880,system,"Untrusted process, Unknown app from unusual path"
2026-04-30 12:20:10,HIGH,powershell.exe,6520,cmd.exe,"Untrusted process, Suspicious process spawned by shell"
2026-04-30 12:20:10,HIGH,notepad.exe,16708,powershell.exe,"Untrusted process, Suspicious process spawned by shell"
2026-04-30 12:20:11,MEDIUM,pet.exe,24948,code.exe,"Untrusted process, Unknown app from unusual path"
2026-04-30 12:20:16,MEDIUM,system,4,system idle process,"Untrusted process, Unknown app from unusual path"
2026-04-30 12:20:16,MEDIUM,,92,system,"Untrusted process, Unknown app from unusual path"
2026-04-30 12:20:16,MEDIUM,registry,136,system,"Untrusted process, Unknown app from unusual path"
2026-04-30 12:20:16,MEDIUM,memcompression,2880,system,"Untrusted process, Unknown app from unusual path"
2026-04-30 12:20:18,HIGH,powershell.exe,6520,cmd.exe,"Untrusted process, Suspicious process spawned by shell"
2026-04-30 12:20:18,HIGH,notepad.exe,16708,powershell.exe,"Untrusted process, Suspicious process spawned by shell"
2026-04-30 12:20:18,MEDIUM,pet.exe,24948,code.exe,"Untrusted process, Unknown app from unusual path"
2026-04-30 12:20:24,MEDIUM,system,4,system idle process,"Untrusted process, Unknown app from unusual path"
2026-04-30 12:20:24,MEDIUM,,92,system,"Untrusted process, Unknown app from unusual path"
2026-04-30 12:20:24,MEDIUM,registry,136,system,"Untrusted process, Unknown app from unusual path"
2026-04-30 12:20:24,MEDIUM,memcompression,2880,system,"Untrusted process, Unknown app from unusual path"
2026-04-30 12:20:25,HIGH,powershell.exe,6520,cmd.exe,"Untrusted process, Suspicious process spawned by shell"
2026-04-30 12:20:26,HIGH,notepad.exe,16708,powershell.exe,"Untrusted process, Suspicious process spawned by shell"
2026-04-30 12:20:26,MEDIUM,pet.exe,24948,code.exe,"Untrusted process, Unknown app from unusual path"
2026-04-30 12:20:31,MEDIUM,system,4,system idle process,"Untrusted process, Unknown app from unusual path"
2026-04-30 12:20:31,MEDIUM,,92,system,"Untrusted process, Unknown app from unusual path"
2026-04-30 12:20:31,MEDIUM,registry,136,system,"Untrusted process, Unknown app from unusual path"
2026-04-30 12:20:32,MEDIUM,memcompression,2880,system,"Untrusted process, Unknown app from unusual path"
2026-04-30 12:20:33,HIGH,powershell.exe,6520,cmd.exe,"Untrusted process, Suspicious process spawned by shell"
2026-04-30 12:20:34,HIGH,notepad.exe,16708,powershell.exe,"Untrusted process, Suspicious process spawned by shell"
2026-04-30 12:20:34,MEDIUM,pet.exe,24948,code.exe,"Untrusted process, Unknown app from unusual path"
2026-04-30 12:20:39,MEDIUM,system,4,system idle process,"Untrusted process, Unknown app from unusual path"
2026-04-30 12:20:39,MEDIUM,,92,system,"Untrusted process, Unknown app from unusual path"
2026-04-30 12:20:39,MEDIUM,registry,136,system,"Untrusted process, Unknown app from unusual path"
2026-04-30 12:20:40,MEDIUM,memcompression,2880,system,"Untrusted process, Unknown app from unusual path"
2026-04-30 12:20:41,HIGH,powershell.exe,6520,cmd.exe,"Untrusted process, Suspicious process spawned by shell"
2026-04-30 12:20:42,HIGH,notepad.exe,16708,powershell.exe,"Untrusted process, Suspicious process spawned by shell"
2026-04-30 12:20:42,MEDIUM,pet.exe,24948,code.exe,"Untrusted process, Unknown app from unusual path"
2026-04-30 12:20:47,MEDIUM,system,4,system idle process,"Untrusted process, Unknown app from unusual path"
2026-04-30 12:20:47,MEDIUM,,92,system,"Untrusted process, Unknown app from unusual path"
2026-04-30 12:20:47,MEDIUM,registry,136,system,"Untrusted process, Unknown app from unusual path"
2026-04-30 12:20:48,MEDIUM,memcompression,2880,system,"Untrusted process, Unknown app from unusual path"
2026-04-30 12:20:49,HIGH,powershell.exe,6520,cmd.exe,"Untrusted process, Suspicious process spawned by shell"
2026-04-30 12:20:49,HIGH,notepad.exe,16708,powershell.exe,"Untrusted process, Suspicious process spawned by shell"
2026-04-30 12:20:50,MEDIUM,pet.exe,24948,code.exe,"Untrusted process, Unknown app from unusual path"
2026-04-30 12:59:23,MEDIUM,system,4,system idle process,"Untrusted process, Unknown app from unusual path"
2026-04-30 12:59:23,MEDIUM,,92,system,"Untrusted process, Unknown app from unusual path"
2026-04-30 12:59:23,MEDIUM,registry,136,system,"Untrusted process, Unknown app from unusual path"
2026-04-30 12:59:24,MEDIUM,memcompression,2880,system,"Untrusted process, Unknown app from unusual path"
2026-04-30 12:59:27,MEDIUM,pet.exe,24948,code.exe,"Untrusted process, Unknown app from unusual path"
2026-04-30 12:59:32,MEDIUM,system,4,system idle process,"Untrusted process, Unknown app from unusual path"
2026-04-30 12:59:32,MEDIUM,,92,system,"Untrusted process, Unknown app from unusual path"
2026-04-30 12:59:33,MEDIUM,registry,136,system,"Untrusted process, Unknown app from unusual path"
2026-04-30 12:59:33,MEDIUM,memcompression,2880,system,"Untrusted process, Unknown app from unusual path"
2026-04-30 12:59:34,HIGH,powershell.exe,4904,cmd.exe,"Untrusted process, Suspicious process spawned by shell"
2026-04-30 12:59:35,MEDIUM,pet.exe,24948,code.exe,"Untrusted process, Unknown app from unusual path"
2026-04-30 12:59:40,MEDIUM,system,4,system idle process,"Untrusted process, Unknown app from unusual path"
2026-04-30 12:59:40,MEDIUM,,92,system,"Untrusted process, Unknown app from unusual path"
2026-04-30 12:59:40,MEDIUM,registry,136,system,"Untrusted process, Unknown app from unusual path"
2026-04-30 12:59:42,MEDIUM,memcompression,2880,system,"Untrusted process, Unknown app from unusual path"
2026-04-30 12:59:43,HIGH,powershell.exe,4904,cmd.exe,"Untrusted process, Suspicious process spawned by shell"
2026-04-30 12:59:45,MEDIUM,pet.exe,24948,code.exe,"Untrusted process, Unknown app from unusual path"
2026-04-30 12:59:50,MEDIUM,system,4,system idle process,"Untrusted process, Unknown app from unusual path"
2026-04-30 12:59:50,MEDIUM,,92,system,"Untrusted process, Unknown app from unusual path"
2026-04-30 12:59:50,MEDIUM,registry,136,system,"Untrusted process, Unknown app from unusual path"
2026-04-30 12:59:51,HIGH,notepad.exe,2636,powershell.exe,"Untrusted process, Suspicious process spawned by shell"
2026-04-30 12:59:51,MEDIUM,memcompression,2880,system,"Untrusted process, Unknown app from unusual path"
2026-04-30 12:59:51,HIGH,powershell.exe,4904,cmd.exe,"Untrusted process, Suspicious process spawned by shell"
2026-04-30 12:59:53,MEDIUM,pet.exe,24948,code.exe,"Untrusted process, Unknown app from unusual path"
2026-04-30 12:59:58,MEDIUM,system,4,system idle process,"Untrusted process, Unknown app from unusual path"
2026-04-30 12:59:58,MEDIUM,,92,system,"Untrusted process, Unknown app from unusual path"
2026-04-30 12:59:58,MEDIUM,registry,136,system,"Untrusted process, Unknown app from unusual path"
2026-04-30 12:59:59,HIGH,notepad.exe,2636,powershell.exe,"Untrusted process, Suspicious process spawned by shell"
2026-04-30 12:59:59,MEDIUM,memcompression,2880,system,"Untrusted process, Unknown app from unusual path"
2026-04-30 12:59:59,HIGH,powershell.exe,4904,cmd.exe,"Untrusted process, Suspicious process spawned by shell"
2026-04-30 13:00:01,MEDIUM,pet.exe,24948,code.exe,"Untrusted process, Unknown app from unusual path"
2026-04-30 13:14:26,MEDIUM,system,4,system idle process,"Untrusted process, Unknown app from unusual path"
2026-04-30 13:14:26,MEDIUM,,92,system,"Untrusted process, Unknown app from unusual path"
2026-04-30 13:14:26,MEDIUM,registry,136,system,"Untrusted process, Unknown app from unusual path"
2026-04-30 13:14:27,MEDIUM,memcompression,2880,system,"Untrusted process, Unknown app from unusual path"
2026-04-30 13:14:34,MEDIUM,pet.exe,24948,code.exe,"Untrusted process, Unknown app from unusual path"
2026-04-30 13:14:39,MEDIUM,system,4,system idle process,"Untrusted process, Unknown app from unusual path"
2026-04-30 13:14:39,MEDIUM,,92,system,"Untrusted process, Unknown app from unusual path"
2026-04-30 13:14:39,MEDIUM,registry,136,system,"Untrusted process, Unknown app from unusual path"
2026-04-30 13:14:40,MEDIUM,memcompression,2880,system,"Untrusted process, Unknown app from unusual path"
2026-04-30 13:14:43,MEDIUM,pet.exe,24948,code.exe,"Untrusted process, Unknown app from unusual path"
2026-04-30 13:14:48,MEDIUM,system,4,system idle process,"Untrusted process, Unknown app from unusual path"
2026-04-30 13:14:48,MEDIUM,,92,system,"Untrusted process, Unknown app from unusual path"
2026-04-30 13:14:48,MEDIUM,registry,136,system,"Untrusted process, Unknown app from unusual path"
2026-04-30 13:14:49,MEDIUM,memcompression,2880,system,"Untrusted process, Unknown app from unusual path"
2026-04-30 13:14:52,MEDIUM,pet.exe,24948,code.exe,"Untrusted process, Unknown app from unusual path"
2026-04-30 13:14:57,MEDIUM,system,4,system idle process,"Untrusted process, Unknown app from unusual path"
2026-04-30 13:14:57,MEDIUM,,92,system,"Untrusted process, Unknown app from unusual path"
2026-04-30 13:14:57,MEDIUM,registry,136,system,"Untrusted process, Unknown app from unusual path"
2026-04-30 13:14:58,MEDIUM,memcompression,2880,system,"Untrusted process, Unknown app from unusual path"
2026-04-30 13:15:01,MEDIUM,pet.exe,24948,code.exe,"Untrusted process, Unknown app from unusual path"
2026-04-30 13:15:06,MEDIUM,system,4,system idle process,"Untrusted process, Unknown app from unusual path"
2026-04-30 13:15:06,MEDIUM,,92,system,"Untrusted process, Unknown app from unusual path"
2026-04-30 13:15:06,MEDIUM,registry,136,system,"Untrusted process, Unknown app from unusual path"
2026-04-30 13:15:07,MEDIUM,memcompression,2880,system,"Untrusted process, Unknown app from unusual path"
2026-04-30 13:15:11,MEDIUM,pet.exe,24948,code.exe,"Untrusted process, Unknown app from unusual path"
2026-04-30 13:15:16,MEDIUM,system,4,system idle process,"Untrusted process, Unknown app from unusual path"
2026-04-30 13:15:16,MEDIUM,,92,system,"Untrusted process, Unknown app from unusual path"
2026-04-30 13:15:16,MEDIUM,registry,136,system,"Untrusted process, Unknown app from unusual path"
2026-04-30 13:15:17,MEDIUM,memcompression,2880,system,"Untrusted process, Unknown app from unusual path"
2026-04-30 13:15:20,MEDIUM,pet.exe,24948,code.exe,"Untrusted process, Unknown app from unusual path"
2026-04-30 13:15:25,MEDIUM,system,4,system idle process,"Untrusted process, Unknown app from unusual path"
2026-04-30 13:15:25,MEDIUM,,92,system,"Untrusted process, Unknown app from unusual path"
2026-04-30 13:15:25,MEDIUM,registry,136,system,"Untrusted process, Unknown app from unusual path"
2026-04-30 13:15:26,MEDIUM,memcompression,2880,system,"Untrusted process, Unknown app from unusual path"
2026-04-30 13:15:29,MEDIUM,pet.exe,24948,code.exe,"Untrusted process, Unknown app from unusual path"
2026-04-30 13:15:34,MEDIUM,system,4,system idle process,"Untrusted process, Unknown app from unusual path"
2026-04-30 13:15:34,MEDIUM,,92,system,"Untrusted process, Unknown app from unusual path"
2026-04-30 13:15:34,MEDIUM,registry,136,system,"Untrusted process, Unknown app from unusual path"
2026-04-30 13:15:35,MEDIUM,memcompression,2880,system,"Untrusted process, Unknown app from unusual path"
2026-04-30 13:15:38,HIGH,powershell.exe,17912,cmd.exe,"Untrusted process, Suspicious process spawned by shell"
2026-04-30 13:15:39,MEDIUM,pet.exe,24948,code.exe,"Untrusted process, Unknown app from unusual path"
2026-04-30 13:15:44,MEDIUM,system,4,system idle process,"Untrusted process, Unknown app from unusual path"
2026-04-30 13:15:44,MEDIUM,,92,system,"Untrusted process, Unknown app from unusual path"
2026-04-30 13:15:44,MEDIUM,registry,136,system,"Untrusted process, Unknown app from unusual path"
2026-04-30 13:15:45,MEDIUM,memcompression,2880,system,"Untrusted process, Unknown app from unusual path"
2026-04-30 13:15:48,HIGH,powershell.exe,17912,cmd.exe,"Untrusted process, Suspicious process spawned by shell"
2026-04-30 13:15:48,MEDIUM,pet.exe,24948,code.exe,"Untrusted process, Unknown app from unusual path"
2026-04-30 13:15:53,MEDIUM,system,4,system idle process,"Untrusted process, Unknown app from unusual path"
2026-04-30 13:15:53,MEDIUM,,92,system,"Untrusted process, Unknown app from unusual path"
2026-04-30 13:15:53,MEDIUM,registry,136,system,"Untrusted process, Unknown app from unusual path"
2026-04-30 13:15:54,MEDIUM,memcompression,2880,system,"Untrusted process, Unknown app from unusual path"
2026-04-30 13:15:57,HIGH,powershell.exe,17912,cmd.exe,"Untrusted process, Suspicious process spawned by shell"
2026-04-30 13:15:57,MEDIUM,pet.exe,24948,code.exe,"Untrusted process, Unknown app from unusual path"
2026-04-30 13:16:02,MEDIUM,system,4,system idle process,"Untrusted process, Unknown app from unusual path"
2026-04-30 13:16:02,MEDIUM,,92,system,"Untrusted process, Unknown app from unusual path"
2026-04-30 13:16:02,MEDIUM,registry,136,system,"Untrusted process, Unknown app from unusual path"
2026-04-30 13:16:03,MEDIUM,memcompression,2880,system,"Untrusted process, Unknown app from unusual path"
2026-04-30 13:16:06,HIGH,powershell.exe,17912,cmd.exe,"Untrusted process, Suspicious process spawned by shell"
2026-04-30 13:16:06,MEDIUM,pet.exe,24948,code.exe,"Untrusted process, Unknown app from unusual path"
2026-04-30 13:16:11,MEDIUM,system,4,system idle process,"Untrusted process, Unknown app from unusual path"
2026-04-30 13:16:11,MEDIUM,,92,system,"Untrusted process, Unknown app from unusual path"
2026-04-30 13:16:11,MEDIUM,registry,136,system,"Untrusted process, Unknown app from unusual path"
2026-04-30 13:16:12,MEDIUM,memcompression,2880,system,"Untrusted process, Unknown app from unusual path"
2026-04-30 13:16:15,HIGH,powershell.exe,17912,cmd.exe,"Untrusted process, Suspicious process spawned by shell"
2026-04-30 13:16:15,MEDIUM,pet.exe,24948,code.exe,"Untrusted process, Unknown app from unusual path"
2026-04-30 13:16:21,MEDIUM,system,4,system idle process,"Untrusted process, Unknown app from unusual path"
2026-04-30 13:16:21,MEDIUM,,92,system,"Untrusted process, Unknown app from unusual path"
2026-04-30 13:16:21,MEDIUM,registry,136,system,"Untrusted process, Unknown app from unusual path"
2026-04-30 13:16:22,MEDIUM,memcompression,2880,system,"Untrusted process, Unknown app from unusual path"
2026-04-30 13:16:22,HIGH,notepad.exe,3124,powershell.exe,"Untrusted process, Suspicious process spawned by shell"
2026-04-30 13:16:24,HIGH,powershell.exe,17912,cmd.exe,"Untrusted process, Suspicious process spawned by shell"
2026-04-30 13:16:25,MEDIUM,pet.exe,24948,code.exe,"Untrusted process, Unknown app from unusual path"
2026-04-30 13:16:30,MEDIUM,system,4,system idle process,"Untrusted process, Unknown app from unusual path"
2026-04-30 13:16:30,MEDIUM,,92,system,"Untrusted process, Unknown app from unusual path"
2026-04-30 13:16:30,MEDIUM,registry,136,system,"Untrusted process, Unknown app from unusual path"
2026-04-30 13:16:31,MEDIUM,memcompression,2880,system,"Untrusted process, Unknown app from unusual path"
2026-04-30 13:16:31,HIGH,notepad.exe,3124,powershell.exe,"Untrusted process, Suspicious process spawned by shell"
2026-04-30 13:16:35,HIGH,powershell.exe,17912,cmd.exe,"Untrusted process, Suspicious process spawned by shell"
2026-04-30 13:16:35,MEDIUM,pet.exe,24948,code.exe,"Untrusted process, Unknown app from unusual path"
2026-04-30 13:16:40,MEDIUM,system,4,system idle process,"Untrusted process, Unknown app from unusual path"
2026-04-30 13:16:40,MEDIUM,,92,system,"Untrusted process, Unknown app from unusual path"
2026-04-30 13:16:40,MEDIUM,registry,136,system,"Untrusted process, Unknown app from unusual path"
2026-04-30 13:16:41,MEDIUM,memcompression,2880,system,"Untrusted process, Unknown app from unusual path"
2026-04-30 13:16:41,HIGH,notepad.exe,3124,powershell.exe,"Untrusted process, Suspicious process spawned by shell"
2026-04-30 13:16:44,HIGH,powershell.exe,17912,cmd.exe,"Untrusted process, Suspicious process spawned by shell"
2026-04-30 13:16:44,MEDIUM,pet.exe,24948,code.exe,"Untrusted process, Unknown app from unusual path"
2026-04-30 13:16:49,MEDIUM,system,4,system idle process,"Untrusted process, Unknown app from unusual path"
2026-04-30 13:16:49,MEDIUM,,92,system,"Untrusted process, Unknown app from unusual path"
2026-04-30 13:16:49,MEDIUM,registry,136,system,"Untrusted process, Unknown app from unusual path"
2026-04-30 13:16:50,MEDIUM,memcompression,2880,system,"Untrusted process, Unknown app from unusual path"
2026-04-30 13:16:50,HIGH,notepad.exe,3124,powershell.exe,"Untrusted process, Suspicious process spawned by shell"
2026-04-30 13:16:52,HIGH,powershell.exe,17912,cmd.exe,"Untrusted process, Suspicious process spawned by shell"
2026-04-30 13:16:53,MEDIUM,pet.exe,24948,code.exe,"Untrusted process, Unknown app from unusual path"
2026-04-30 13:16:58,MEDIUM,system,4,system idle process,"Untrusted process, Unknown app from unusual path"
2026-04-30 13:16:58,MEDIUM,,92,system,"Untrusted process, Unknown app from unusual path"
2026-04-30 13:16:58,MEDIUM,registry,136,system,"Untrusted process, Unknown app from unusual path"
2026-04-30 13:16:59,MEDIUM,memcompression,2880,system,"Untrusted process, Unknown app from unusual path"
2026-04-30 13:16:59,HIGH,notepad.exe,3124,powershell.exe,"Untrusted process, Suspicious process spawned by shell"
2026-04-30 13:17:01,HIGH,powershell.exe,17912,cmd.exe,"Untrusted process, Suspicious process spawned by shell"
2026-04-30 13:17:02,MEDIUM,pet.exe,24948,code.exe,"Untrusted process, Unknown app from unusual path"
2026-04-30 13:17:07,MEDIUM,system,4,system idle process,"Untrusted process, Unknown app from unusual path"
2026-04-30 13:17:07,MEDIUM,,92,system,"Untrusted process, Unknown app from unusual path"
2026-04-30 13:17:07,MEDIUM,registry,136,system,"Untrusted process, Unknown app from unusual path"
2026-04-30 13:17:08,MEDIUM,memcompression,2880,system,"Untrusted process, Unknown app from unusual path"
2026-04-30 13:17:08,HIGH,notepad.exe,3124,powershell.exe,"Untrusted process, Suspicious process spawned by shell"
2026-04-30 13:17:11,HIGH,powershell.exe,17912,cmd.exe,"Untrusted process, Suspicious process spawned by shell"
2026-04-30 13:17:12,MEDIUM,pet.exe,24948,code.exe,"Untrusted process, Unknown app from unusual path"
2026-04-30 13:17:17,MEDIUM,system,4,system idle process,"Untrusted process, Unknown app from unusual path"
2026-04-30 13:17:17,MEDIUM,,92,system,"Untrusted process, Unknown app from unusual path"
2026-04-30 13:17:17,MEDIUM,registry,136,system,"Untrusted process, Unknown app from unusual path"
2026-04-30 13:17:18,MEDIUM,memcompression,2880,system,"Untrusted process, Unknown app from unusual path"
2026-04-30 13:17:18,HIGH,notepad.exe,3124,powershell.exe,"Untrusted process, Suspicious process spawned by shell"
2026-04-30 13:17:21,HIGH,powershell.exe,17912,cmd.exe,"Untrusted process, Suspicious process spawned by shell"
2026-04-30 13:17:21,MEDIUM,pet.exe,24948,code.exe,"Untrusted process, Unknown app from unusual path"
2026-04-30 13:17:26,MEDIUM,system,4,system idle process,"Untrusted process, Unknown app from unusual path"
2026-04-30 13:17:26,MEDIUM,,92,system,"Untrusted process, Unknown app from unusual path"
2026-04-30 13:17:26,MEDIUM,registry,136,system,"Untrusted process, Unknown app from unusual path"
2026-04-30 13:17:27,MEDIUM,memcompression,2880,system,"Untrusted process, Unknown app from unusual path"
2026-04-30 13:17:27,HIGH,notepad.exe,3124,powershell.exe,"Untrusted process, Suspicious process spawned by shell"
2026-04-30 13:17:30,HIGH,powershell.exe,17912,cmd.exe,"Untrusted process, Suspicious process spawned by shell"
2026-04-30 13:17:30,MEDIUM,pet.exe,24948,code.exe,"Untrusted process, Unknown app from unusual path"
2026-04-30 13:17:35,MEDIUM,system,4,system idle process,"Untrusted process, Unknown app from unusual path"
2026-04-30 13:17:35,MEDIUM,,92,system,"Untrusted process, Unknown app from unusual path"
2026-04-30 13:17:35,MEDIUM,registry,136,system,"Untrusted process, Unknown app from unusual path"
2026-04-30 13:17:36,MEDIUM,memcompression,2880,system,"Untrusted process, Unknown app from unusual path"
2026-04-30 13:17:37,HIGH,notepad.exe,3124,powershell.exe,"Untrusted process, Suspicious process spawned by shell"
2026-04-30 13:17:39,HIGH,powershell.exe,17912,cmd.exe,"Untrusted process, Suspicious process spawned by shell"
2026-04-30 13:17:40,MEDIUM,pet.exe,24948,code.exe,"Untrusted process, Unknown app from unusual path"
2026-04-30 13:17:45,MEDIUM,system,4,system idle process,"Untrusted process, Unknown app from unusual path"
2026-04-30 13:17:45,MEDIUM,,92,system,"Untrusted process, Unknown app from unusual path"
2026-04-30 13:17:45,MEDIUM,registry,136,system,"Untrusted process, Unknown app from unusual path"
2026-04-30 13:17:46,MEDIUM,memcompression,2880,system,"Untrusted process, Unknown app from unusual path"
2026-04-30 13:17:46,HIGH,notepad.exe,3124,powershell.exe,"Untrusted process, Suspicious process spawned by shell"
2026-04-30 13:17:49,HIGH,powershell.exe,17912,cmd.exe,"Untrusted process, Suspicious process spawned by shell"
2026-04-30 13:17:49,MEDIUM,pet.exe,24948,code.exe,"Untrusted process, Unknown app from unusual path"
2026-04-30 13:21:14,MEDIUM,system,4,system idle process,"Untrusted process, Unknown app from unusual path"
2026-04-30 13:21:14,MEDIUM,,92,system,"Untrusted process, Unknown app from unusual path"
2026-04-30 13:21:14,MEDIUM,registry,136,system,"Untrusted process, Unknown app from unusual path"
2026-04-30 13:21:16,MEDIUM,memcompression,2880,system,"Untrusted process, Unknown app from unusual path"
2026-04-30 13:21:22,MEDIUM,pet.exe,24948,code.exe,"Untrusted process, Unknown app from unusual path"
2026-04-30 13:21:27,MEDIUM,system,4,system idle process,"Untrusted process, Unknown app from unusual path"
2026-04-30 13:21:27,MEDIUM,,92,system,"Untrusted process, Unknown app from unusual path"
2026-04-30 13:21:27,MEDIUM,registry,136,system,"Untrusted process, Unknown app from unusual path"
2026-04-30 13:21:28,MEDIUM,memcompression,2880,system,"Untrusted process, Unknown app from unusual path"
2026-04-30 13:21:32,MEDIUM,pet.exe,24948,code.exe,"Untrusted process, Unknown app from unusual path"
2026-04-30 13:21:37,MEDIUM,system,4,system idle process,"Untrusted process, Unknown app from unusual path"
2026-04-30 13:21:37,MEDIUM,,92,system,"Untrusted process, Unknown app from unusual path"
2026-04-30 13:21:37,MEDIUM,registry,136,system,"Untrusted process, Unknown app from unusual path"
2026-04-30 13:21:38,MEDIUM,memcompression,2880,system,"Untrusted process, Unknown app from unusual path"
2026-04-30 13:21:42,MEDIUM,pet.exe,24948,code.exe,"Untrusted process, Unknown app from unusual path"
2026-04-30 13:21:47,MEDIUM,system,4,system idle process,"Untrusted process, Unknown app from unusual path"
2026-04-30 13:21:47,MEDIUM,,92,system,"Untrusted process, Unknown app from unusual path"
2026-04-30 13:21:47,MEDIUM,registry,136,system,"Untrusted process, Unknown app from unusual path"
2026-04-30 13:21:48,MEDIUM,memcompression,2880,system,"Untrusted process, Unknown app from unusual path"
2026-04-30 13:21:51,MEDIUM,pet.exe,24948,code.exe,"Untrusted process, Unknown app from unusual path"
2026-04-30 13:21:56,MEDIUM,system,4,system idle process,"Untrusted process, Unknown app from unusual path"
2026-04-30 13:21:56,MEDIUM,,92,system,"Untrusted process, Unknown app from unusual path"
2026-04-30 13:21:56,MEDIUM,registry,136,system,"Untrusted process, Unknown app from unusual path"
2026-04-30 13:21:57,MEDIUM,memcompression,2880,system,"Untrusted process, Unknown app from unusual path"
2026-04-30 13:22:00,MEDIUM,pet.exe,24948,code.exe,"Untrusted process, Unknown app from unusual path"
2026-04-30 13:22:06,MEDIUM,system,4,system idle process,"Untrusted process, Unknown app from unusual path"
2026-04-30 13:22:06,MEDIUM,,92,system,"Untrusted process, Unknown app from unusual path"
2026-04-30 13:22:06,MEDIUM,registry,136,system,"Untrusted process, Unknown app from unusual path"
2026-04-30 13:22:07,MEDIUM,memcompression,2880,system,"Untrusted process, Unknown app from unusual path"
2026-04-30 13:22:10,HIGH,powershell.exe,23344,cmd.exe,"Untrusted process, Suspicious process spawned by shell"
2026-04-30 13:22:10,MEDIUM,pet.exe,24948,code.exe,"Untrusted process, Unknown app from unusual path"
2026-04-30 13:22:15,MEDIUM,system,4,system idle process,"Untrusted process, Unknown app from unusual path"
2026-04-30 13:22:15,MEDIUM,,92,system,"Untrusted process, Unknown app from unusual path"
2026-04-30 13:22:15,MEDIUM,registry,136,system,"Untrusted process, Unknown app from unusual path"
2026-04-30 13:22:16,MEDIUM,memcompression,2880,system,"Untrusted process, Unknown app from unusual path"
2026-04-30 13:22:19,HIGH,powershell.exe,23344,cmd.exe,"Untrusted process, Suspicious process spawned by shell"
2026-04-30 13:22:19,MEDIUM,pet.exe,24948,code.exe,"Untrusted process, Unknown app from unusual path"
2026-04-30 13:22:24,MEDIUM,system,4,system idle process,"Untrusted process, Unknown app from unusual path"
2026-04-30 13:22:24,MEDIUM,,92,system,"Untrusted process, Unknown app from unusual path"
2026-04-30 13:22:24,MEDIUM,registry,136,system,"Untrusted process, Unknown app from unusual path"
2026-04-30 13:22:25,MEDIUM,memcompression,2880,system,"Untrusted process, Unknown app from unusual path"
2026-04-30 13:22:28,HIGH,powershell.exe,23344,cmd.exe,"Untrusted process, Suspicious process spawned by shell"
2026-04-30 13:22:28,MEDIUM,pet.exe,24948,code.exe,"Untrusted process, Unknown app from unusual path"
2026-04-30 13:22:34,MEDIUM,system,4,system idle process,"Untrusted process, Unknown app from unusual path"
2026-04-30 13:22:34,MEDIUM,,92,system,"Untrusted process, Unknown app from unusual path"
2026-04-30 13:22:34,MEDIUM,registry,136,system,"Untrusted process, Unknown app from unusual path"
2026-04-30 13:22:35,MEDIUM,memcompression,2880,system,"Untrusted process, Unknown app from unusual path"
2026-04-30 13:22:38,HIGH,powershell.exe,23344,cmd.exe,"Untrusted process, Suspicious process spawned by shell"
2026-04-30 13:22:38,MEDIUM,pet.exe,24948,code.exe,"Untrusted process, Unknown app from unusual path"
2026-04-30 13:22:43,MEDIUM,system,4,system idle process,"Untrusted process, Unknown app from unusual path"
2026-04-30 13:22:43,MEDIUM,,92,system,"Untrusted process, Unknown app from unusual path"
2026-04-30 13:22:43,MEDIUM,registry,136,system,"Untrusted process, Unknown app from unusual path"
2026-04-30 13:22:44,MEDIUM,memcompression,2880,system,"Untrusted process, Unknown app from unusual path"
2026-04-30 13:22:49,HIGH,powershell.exe,23344,cmd.exe,"Untrusted process, Suspicious process spawned by shell"
2026-04-30 13:22:49,MEDIUM,pet.exe,24948,code.exe,"Untrusted process, Unknown app from unusual path"
2026-04-30 13:22:54,MEDIUM,system,4,system idle process,"Untrusted process, Unknown app from unusual path"
2026-04-30 13:22:54,MEDIUM,,92,system,"Untrusted process, Unknown app from unusual path"
2026-04-30 13:22:54,MEDIUM,registry,136,system,"Untrusted process, Unknown app from unusual path"
2026-04-30 13:22:55,HIGH,notepad.exe,2508,powershell.exe,"Untrusted process, Suspicious process spawned by shell"
2026-04-30 13:22:55,MEDIUM,memcompression,2880,system,"Untrusted process, Unknown app from unusual path"
2026-04-30 13:22:58,HIGH,powershell.exe,23344,cmd.exe,"Untrusted process, Suspicious process spawned by shell"
2026-04-30 13:22:58,MEDIUM,pet.exe,24948,code.exe,"Untrusted process, Unknown app from unusual path"
2026-04-30 13:23:03,MEDIUM,system,4,system idle process,"Untrusted process, Unknown app from unusual path"
2026-04-30 13:23:03,MEDIUM,,92,system,"Untrusted process, Unknown app from unusual path"
2026-04-30 13:23:03,MEDIUM,registry,136,system,"Untrusted process, Unknown app from unusual path"
2026-04-30 13:23:04,HIGH,notepad.exe,2508,powershell.exe,"Untrusted process, Suspicious process spawned by shell"
2026-04-30 13:23:04,MEDIUM,memcompression,2880,system,"Untrusted process, Unknown app from unusual path"
2026-04-30 13:23:07,HIGH,powershell.exe,23344,cmd.exe,"Untrusted process, Suspicious process spawned by shell"
2026-04-30 13:23:07,MEDIUM,pet.exe,24948,code.exe,"Untrusted process, Unknown app from unusual path"
2026-04-30 13:23:12,MEDIUM,system,4,system idle process,"Untrusted process, Unknown app from unusual path"
2026-04-30 13:23:12,MEDIUM,,92,system,"Untrusted process, Unknown app from unusual path"
2026-04-30 13:23:12,MEDIUM,registry,136,system,"Untrusted process, Unknown app from unusual path"
2026-04-30 13:23:13,HIGH,notepad.exe,2508,powershell.exe,"Untrusted process, Suspicious process spawned by shell"
2026-04-30 13:23:13,MEDIUM,memcompression,2880,system,"Untrusted process, Unknown app from unusual path"
2026-04-30 13:23:16,HIGH,powershell.exe,23344,cmd.exe,"Untrusted process, Suspicious process spawned by shell"
2026-04-30 13:23:16,MEDIUM,pet.exe,24948,code.exe,"Untrusted process, Unknown app from unusual path"
2026-04-30 13:23:21,MEDIUM,system,4,system idle process,"Untrusted process, Unknown app from unusual path"
2026-04-30 13:23:21,MEDIUM,,92,system,"Untrusted process, Unknown app from unusual path"
2026-04-30 13:23:21,MEDIUM,registry,136,system,"Untrusted process, Unknown app from unusual path"
2026-04-30 13:23:22,HIGH,notepad.exe,2508,powershell.exe,"Untrusted process, Suspicious process spawned by shell"
2026-04-30 13:23:22,MEDIUM,memcompression,2880,system,"Untrusted process, Unknown app from unusual path"
2026-04-30 13:23:25,HIGH,powershell.exe,23344,cmd.exe,"Untrusted process, Suspicious process spawned by shell"
2026-04-30 13:23:25,MEDIUM,pet.exe,24948,code.exe,"Untrusted process, Unknown app from unusual path"
2026-04-30 13:23:30,MEDIUM,system,4,system idle process,"Untrusted process, Unknown app from unusual path"
2026-04-30 13:23:30,MEDIUM,,92,system,"Untrusted process, Unknown app from unusual path"
2026-04-30 13:23:30,MEDIUM,registry,136,system,"Untrusted process, Unknown app from unusual path"
2026-04-30 13:23:31,HIGH,notepad.exe,2508,powershell.exe,"Untrusted process, Suspicious process spawned by shell"
2026-04-30 13:23:31,MEDIUM,memcompression,2880,system,"Untrusted process, Unknown app from unusual path"
2026-04-30 13:23:34,HIGH,powershell.exe,23344,cmd.exe,"Untrusted process, Suspicious process spawned by shell"
2026-04-30 13:23:34,MEDIUM,pet.exe,24948,code.exe,"Untrusted process, Unknown app from unusual path"
2026-04-30 13:23:39,MEDIUM,system,4,system idle process,"Untrusted process, Unknown app from unusual path"
2026-04-30 13:23:39,MEDIUM,,92,system,"Untrusted process, Unknown app from unusual path"
2026-04-30 13:23:39,MEDIUM,registry,136,system,"Untrusted process, Unknown app from unusual path"
2026-04-30 13:23:40,HIGH,notepad.exe,2508,powershell.exe,"Untrusted process, Suspicious process spawned by shell"
2026-04-30 13:23:40,MEDIUM,memcompression,2880,system,"Untrusted process, Unknown app from unusual path"
2026-04-30 13:23:44,HIGH,powershell.exe,23344,cmd.exe,"Untrusted process, Suspicious process spawned by shell"
2026-04-30 13:23:44,MEDIUM,pet.exe,24948,code.exe,"Untrusted process, Unknown app from unusual path"
2026-04-30 13:23:49,MEDIUM,system,4,system idle process,"Untrusted process, Unknown app from unusual path"
2026-04-30 13:23:49,MEDIUM,,92,system,"Untrusted process, Unknown app from unusual path"
2026-04-30 13:23:49,MEDIUM,registry,136,system,"Untrusted process, Unknown app from unusual path"
2026-04-30 13:23:50,HIGH,notepad.exe,2508,powershell.exe,"Untrusted process, Suspicious process spawned by shell"
2026-04-30 13:23:51,MEDIUM,memcompression,2880,system,"Untrusted process, Unknown app from unusual path"
2026-04-30 13:23:54,HIGH,powershell.exe,23344,cmd.exe,"Untrusted process, Suspicious process spawned by shell"
2026-04-30 13:23:54,MEDIUM,pet.exe,24948,code.exe,"Untrusted process, Unknown app from unusual path"
2026-04-30 13:23:59,MEDIUM,system,4,system idle process,"Untrusted process, Unknown app from unusual path"
2026-04-30 13:23:59,MEDIUM,,92,system,"Untrusted process, Unknown app from unusual path"
2026-04-30 13:23:59,MEDIUM,registry,136,system,"Untrusted process, Unknown app from unusual path"
2026-04-30 13:24:00,HIGH,notepad.exe,2508,powershell.exe,"Untrusted process, Suspicious process spawned by shell"
2026-04-30 13:24:00,MEDIUM,memcompression,2880,system,"Untrusted process, Unknown app from unusual path"
2026-04-30 13:24:03,HIGH,powershell.exe,23344,cmd.exe,"Untrusted process, Suspicious process spawned by shell"
2026-04-30 13:24:03,MEDIUM,pet.exe,24948,code.exe,"Untrusted process, Unknown app from unusual path"
2026-04-30 13:24:08,MEDIUM,system,4,system idle process,"Untrusted process, Unknown app from unusual path"
2026-04-30 13:24:08,MEDIUM,,92,system,"Untrusted process, Unknown app from unusual path"
2026-04-30 13:24:08,MEDIUM,registry,136,system,"Untrusted process, Unknown app from unusual path"
2026-04-30 13:24:09,HIGH,notepad.exe,2508,powershell.exe,"Untrusted process, Suspicious process spawned by shell"
2026-04-30 13:28:36,MEDIUM,system,4,system idle process,"Untrusted process, Unknown app from unusual path"
2026-04-30 13:28:36,MEDIUM,,92,system,"Untrusted process, Unknown app from unusual path"
2026-04-30 13:28:36,MEDIUM,registry,136,system,"Untrusted process, Unknown app from unusual path"
2026-04-30 13:28:37,MEDIUM,memcompression,2880,system,"Untrusted process, Unknown app from unusual path"
2026-04-30 13:28:43,MEDIUM,pet.exe,24948,code.exe,"Untrusted process, Unknown app from unusual path"
2026-04-30 13:28:48,MEDIUM,system,4,system idle process,"Untrusted process, Unknown app from unusual path"
2026-04-30 13:28:48,MEDIUM,,92,system,"Untrusted process, Unknown app from unusual path"
2026-04-30 13:28:48,MEDIUM,registry,136,system,"Untrusted process, Unknown app from unusual path"
2026-04-30 13:28:49,MEDIUM,memcompression,2880,system,"Untrusted process, Unknown app from unusual path"
2026-04-30 13:28:52,MEDIUM,pet.exe,24948,code.exe,"Untrusted process, Unknown app from unusual path"
2026-04-30 13:28:57,MEDIUM,system,4,system idle process,"Untrusted process, Unknown app from unusual path"
2026-04-30 13:28:57,MEDIUM,,92,system,"Untrusted process, Unknown app from unusual path"
2026-04-30 13:28:57,MEDIUM,registry,136,system,"Untrusted process, Unknown app from unusual path"
2026-04-30 13:28:59,MEDIUM,memcompression,2880,system,"Untrusted process, Unknown app from unusual path"
2026-04-30 13:29:02,MEDIUM,pet.exe,24948,code.exe,"Untrusted process, Unknown app from unusual path"
2026-04-30 13:29:07,MEDIUM,system,4,system idle process,"Untrusted process, Unknown app from unusual path"
2026-04-30 13:29:07,MEDIUM,,92,system,"Untrusted process, Unknown app from unusual path"
2026-04-30 13:29:07,MEDIUM,registry,136,system,"Untrusted process, Unknown app from unusual path"
2026-04-30 13:29:08,MEDIUM,memcompression,2880,system,"Untrusted process, Unknown app from unusual path"
2026-04-30 13:29:11,MEDIUM,pet.exe,24948,code.exe,"Untrusted process, Unknown app from unusual path"
2026-04-30 13:29:16,MEDIUM,system,4,system idle process,"Untrusted process, Unknown app from unusual path"
2026-04-30 13:29:16,MEDIUM,,92,system,"Untrusted process, Unknown app from unusual path"
2026-04-30 13:29:16,MEDIUM,registry,136,system,"Untrusted process, Unknown app from unusual path"
2026-04-30 13:29:17,MEDIUM,memcompression,2880,system,"Untrusted process, Unknown app from unusual path"
2026-04-30 13:29:21,HIGH,powershell.exe,24912,cmd.exe,"Untrusted process, Suspicious process spawned by shell"
2026-04-30 13:29:21,MEDIUM,pet.exe,24948,code.exe,"Untrusted process, Unknown app from unusual path"
2026-04-30 13:29:26,MEDIUM,system,4,system idle process,"Untrusted process, Unknown app from unusual path"
2026-04-30 13:29:26,MEDIUM,,92,system,"Untrusted process, Unknown app from unusual path"
2026-04-30 13:29:26,MEDIUM,registry,136,system,"Untrusted process, Unknown app from unusual path"
2026-04-30 13:29:27,MEDIUM,memcompression,2880,system,"Untrusted process, Unknown app from unusual path"
2026-04-30 13:29:30,HIGH,powershell.exe,24912,cmd.exe,"Untrusted process, Suspicious process spawned by shell"
2026-04-30 13:29:30,MEDIUM,pet.exe,24948,code.exe,"Untrusted process, Unknown app from unusual path"
2026-04-30 13:29:35,MEDIUM,system,4,system idle process,"Untrusted process, Unknown app from unusual path"
2026-04-30 13:29:35,MEDIUM,,92,system,"Untrusted process, Unknown app from unusual path"
2026-04-30 13:29:35,MEDIUM,registry,136,system,"Untrusted process, Unknown app from unusual path"
2026-04-30 13:29:36,MEDIUM,memcompression,2880,system,"Untrusted process, Unknown app from unusual path"
2026-04-30 13:29:40,HIGH,powershell.exe,24912,cmd.exe,"Untrusted process, Suspicious process spawned by shell"
2026-04-30 13:29:40,MEDIUM,pet.exe,24948,code.exe,"Untrusted process, Unknown app from unusual path"
2026-04-30 13:29:45,MEDIUM,system,4,system idle process,"Untrusted process, Unknown app from unusual path"
2026-04-30 13:29:45,MEDIUM,,92,system,"Untrusted process, Unknown app from unusual path"
2026-04-30 13:29:45,MEDIUM,registry,136,system,"Untrusted process, Unknown app from unusual path"
2026-04-30 13:29:46,MEDIUM,memcompression,2880,system,"Untrusted process, Unknown app from unusual path"
2026-04-30 13:29:49,HIGH,powershell.exe,24912,cmd.exe,"Untrusted process, Suspicious process spawned by shell"
2026-04-30 13:29:49,MEDIUM,pet.exe,24948,code.exe,"Untrusted process, Unknown app from unusual path"
2026-04-30 13:29:54,MEDIUM,system,4,system idle process,"Untrusted process, Unknown app from unusual path"
2026-04-30 13:29:54,MEDIUM,,92,system,"Untrusted process, Unknown app from unusual path"
2026-04-30 13:29:54,MEDIUM,registry,136,system,"Untrusted process, Unknown app from unusual path"
2026-04-30 13:29:55,MEDIUM,memcompression,2880,system,"Untrusted process, Unknown app from unusual path"
2026-04-30 13:29:57,HIGH,notepad.exe,6240,powershell.exe,"Untrusted process, Suspicious process spawned by shell"
2026-04-30 13:29:59,HIGH,powershell.exe,24912,cmd.exe,"Untrusted process, Suspicious process spawned by shell"
2026-04-30 13:29:59,MEDIUM,pet.exe,24948,code.exe,"Untrusted process, Unknown app from unusual path"
2026-04-30 13:30:04,MEDIUM,system,4,system idle process,"Untrusted process, Unknown app from unusual path"
2026-04-30 13:30:04,MEDIUM,,92,system,"Untrusted process, Unknown app from unusual path"
2026-04-30 13:30:04,MEDIUM,registry,136,system,"Untrusted process, Unknown app from unusual path"
2026-04-30 13:30:05,MEDIUM,memcompression,2880,system,"Untrusted process, Unknown app from unusual path"
2026-04-30 13:30:06,HIGH,notepad.exe,6240,powershell.exe,"Untrusted process, Suspicious process spawned by shell"
2026-04-30 13:30:08,HIGH,powershell.exe,24912,cmd.exe,"Untrusted process, Suspicious process spawned by shell"
2026-04-30 13:30:08,MEDIUM,pet.exe,24948,code.exe,"Untrusted process, Unknown app from unusual path"
2026-04-30 13:30:13,MEDIUM,system,4,system idle process,"Untrusted process, Unknown app from unusual path"
2026-04-30 13:30:13,MEDIUM,,92,system,"Untrusted process, Unknown app from unusual path"
2026-04-30 13:30:13,MEDIUM,registry,136,system,"Untrusted process, Unknown app from unusual path"
2026-04-30 13:30:14,MEDIUM,memcompression,2880,system,"Untrusted process, Unknown app from unusual path"
2026-04-30 13:30:15,HIGH,notepad.exe,6240,powershell.exe,"Untrusted process, Suspicious process spawned by shell"
2026-04-30 13:30:17,HIGH,powershell.exe,24912,cmd.exe,"Untrusted process, Suspicious process spawned by shell"
2026-04-30 13:30:17,MEDIUM,pet.exe,24948,code.exe,"Untrusted process, Unknown app from unusual path"
2026-04-30 13:30:22,MEDIUM,system,4,system idle process,"Untrusted process, Unknown app from unusual path"
2026-04-30 13:30:22,MEDIUM,,92,system,"Untrusted process, Unknown app from unusual path"
2026-04-30 13:30:22,MEDIUM,registry,136,system,"Untrusted process, Unknown app from unusual path"
2026-04-30 13:30:23,MEDIUM,memcompression,2880,system,"Untrusted process, Unknown app from unusual path"
2026-04-30 13:30:24,HIGH,notepad.exe,6240,powershell.exe,"Untrusted process, Suspicious process spawned by shell"
2026-04-30 13:30:26,HIGH,powershell.exe,24912,cmd.exe,"Untrusted process, Suspicious process spawned by shell"
2026-04-30 13:30:26,MEDIUM,pet.exe,24948,code.exe,"Untrusted process, Unknown app from unusual path"
2026-04-30 13:30:31,MEDIUM,system,4,system idle process,"Untrusted process, Unknown app from unusual path"
2026-04-30 13:30:31,MEDIUM,,92,system,"Untrusted process, Unknown app from unusual path"
2026-04-30 13:30:31,MEDIUM,registry,136,system,"Untrusted process, Unknown app from unusual path"
2026-04-30 13:30:32,MEDIUM,memcompression,2880,system,"Untrusted process, Unknown app from unusual path"
2026-04-30 13:30:34,HIGH,notepad.exe,6240,powershell.exe,"Untrusted process, Suspicious process spawned by shell"
2026-04-30 13:30:35,HIGH,powershell.exe,24912,cmd.exe,"Untrusted process, Suspicious process spawned by shell"
2026-04-30 13:30:35,MEDIUM,pet.exe,24948,code.exe,"Untrusted process, Unknown app from unusual path"
2026-04-30 13:30:40,MEDIUM,system,4,system idle process,"Untrusted process, Unknown app from unusual path"
2026-04-30 13:30:40,MEDIUM,,92,system,"Untrusted process, Unknown app from unusual path"
2026-04-30 13:30:40,MEDIUM,registry,136,system,"Untrusted process, Unknown app from unusual path"
2026-04-30 13:30:41,MEDIUM,memcompression,2880,system,"Untrusted process, Unknown app from unusual path"
2026-04-30 13:30:43,HIGH,notepad.exe,6240,powershell.exe,"Untrusted process, Suspicious process spawned by shell"
2026-04-30 13:30:44,HIGH,powershell.exe,24912,cmd.exe,"Untrusted process, Suspicious process spawned by shell"
2026-04-30 13:30:44,MEDIUM,pet.exe,24948,code.exe,"Untrusted process, Unknown app from unusual path"
2026-04-30 13:30:50,MEDIUM,system,4,system idle process,"Untrusted process, Unknown app from unusual path"
2026-04-30 13:30:50,MEDIUM,,92,system,"Untrusted process, Unknown app from unusual path"
2026-04-30 13:30:50,MEDIUM,registry,136,system,"Untrusted process, Unknown app from unusual path"
2026-04-30 13:30:51,MEDIUM,memcompression,2880,system,"Untrusted process, Unknown app from unusual path"
2026-04-30 13:36:46,MEDIUM,system,4,system idle process,"Untrusted process, Unknown app from unusual path"
2026-04-30 13:36:46,MEDIUM,,92,system,"Untrusted process, Unknown app from unusual path"
2026-04-30 13:36:46,MEDIUM,registry,136,system,"Untrusted process, Unknown app from unusual path"
2026-04-30 13:36:48,MEDIUM,memcompression,2880,system,"Untrusted process, Unknown app from unusual path"
2026-04-30 13:36:51,HIGH,notepad.exe,6240,powershell.exe,"Untrusted process, Suspicious process spawned by shell"
2026-04-30 13:36:55,HIGH,powershell.exe,24912,cmd.exe,"Untrusted process, Suspicious process spawned by shell"
2026-04-30 13:36:55,MEDIUM,pet.exe,24948,code.exe,"Untrusted process, Unknown app from unusual path"
2026-04-30 13:37:00,MEDIUM,system,4,system idle process,"Untrusted process, Unknown app from unusual path"
2026-04-30 13:37:00,MEDIUM,,92,system,"Untrusted process, Unknown app from unusual path"
2026-04-30 13:37:00,MEDIUM,registry,136,system,"Untrusted process, Unknown app from unusual path"
2026-04-30 13:37:01,MEDIUM,memcompression,2880,system,"Untrusted process, Unknown app from unusual path"
2026-04-30 13:37:03,HIGH,notepad.exe,6240,powershell.exe,"Untrusted process, Suspicious process spawned by shell"
2026-04-30 13:37:05,HIGH,powershell.exe,24912,cmd.exe,"Untrusted process, Suspicious process spawned by shell"
2026-04-30 13:37:05,MEDIUM,pet.exe,24948,code.exe,"Untrusted process, Unknown app from unusual path"
2026-04-30 13:37:10,MEDIUM,system,4,system idle process,"Untrusted process, Unknown app from unusual path"
2026-04-30 13:37:10,MEDIUM,,92,system,"Untrusted process, Unknown app from unusual path"
2026-04-30 13:37:10,MEDIUM,registry,136,system,"Untrusted process, Unknown app from unusual path"
2026-04-30 13:38:15,MEDIUM,system,4,system idle process,"Untrusted process, Unknown app from unusual path"
2026-04-30 13:38:15,MEDIUM,,92,system,"Untrusted process, Unknown app from unusual path"
2026-04-30 13:38:15,MEDIUM,registry,136,system,"Untrusted process, Unknown app from unusual path"
2026-04-30 13:38:17,MEDIUM,memcompression,2880,system,"Untrusted process, Unknown app from unusual path"
2026-04-30 13:38:23,MEDIUM,pet.exe,24948,code.exe,"Untrusted process, Unknown app from unusual path"
2026-04-30 13:38:29,MEDIUM,system,4,system idle process,"Untrusted process, Unknown app from unusual path"
2026-04-30 13:38:29,MEDIUM,,92,system,"Untrusted process, Unknown app from unusual path"
2026-04-30 13:38:29,MEDIUM,registry,136,system,"Untrusted process, Unknown app from unusual path"
2026-04-30 13:38:30,MEDIUM,memcompression,2880,system,"Untrusted process, Unknown app from unusual path"
2026-04-30 13:38:33,MEDIUM,pet.exe,24948,code.exe,"Untrusted process, Unknown app from unusual path"
2026-04-30 13:38:38,MEDIUM,system,4,system idle process,"Untrusted process, Unknown app from unusual path"
2026-04-30 13:38:38,MEDIUM,,92,system,"Untrusted process, Unknown app from unusual path"
2026-04-30 13:38:38,MEDIUM,registry,136,system,"Untrusted process, Unknown app from unusual path"
2026-04-30 13:38:39,MEDIUM,memcompression,2880,system,"Untrusted process, Unknown app from unusual path"
2026-04-30 13:38:42,MEDIUM,pet.exe,24948,code.exe,"Untrusted process, Unknown app from unusual path"
2026-04-30 13:38:47,MEDIUM,system,4,system idle process,"Untrusted process, Unknown app from unusual path"
2026-04-30 13:38:47,MEDIUM,,92,system,"Untrusted process, Unknown app from unusual path"
2026-04-30 13:38:47,MEDIUM,registry,136,system,"Untrusted process, Unknown app from unusual path"
2026-04-30 13:38:48,MEDIUM,memcompression,2880,system,"Untrusted process, Unknown app from unusual path"
2026-04-30 13:38:51,MEDIUM,pet.exe,24948,code.exe,"Untrusted process, Unknown app from unusual path"
2026-04-30 13:38:56,MEDIUM,system,4,system idle process,"Untrusted process, Unknown app from unusual path"
2026-04-30 13:38:56,MEDIUM,,92,system,"Untrusted process, Unknown app from unusual path"
2026-04-30 13:38:56,MEDIUM,registry,136,system,"Untrusted process, Unknown app from unusual path"
2026-04-30 13:38:57,MEDIUM,memcompression,2880,system,"Untrusted process, Unknown app from unusual path"
2026-04-30 13:39:00,HIGH,powershell.exe,14784,cmd.exe,"Untrusted process, Suspicious process spawned by shell"
2026-04-30 13:39:00,MEDIUM,pet.exe,24948,code.exe,"Untrusted process, Unknown app from unusual path"
2026-04-30 13:39:05,MEDIUM,system,4,system idle process,"Untrusted process, Unknown app from unusual path"
2026-04-30 13:39:05,MEDIUM,,92,system,"Untrusted process, Unknown app from unusual path"
2026-04-30 13:39:05,MEDIUM,registry,136,system,"Untrusted process, Unknown app from unusual path"
2026-04-30 13:39:07,MEDIUM,memcompression,2880,system,"Untrusted process, Unknown app from unusual path"
2026-04-30 13:39:10,HIGH,powershell.exe,14784,cmd.exe,"Untrusted process, Suspicious process spawned by shell"
2026-04-30 13:39:10,MEDIUM,pet.exe,24948,code.exe,"Untrusted process, Unknown app from unusual path"
2026-04-30 13:39:15,MEDIUM,system,4,system idle process,"Untrusted process, Unknown app from unusual path"
2026-04-30 13:39:15,MEDIUM,,92,system,"Untrusted process, Unknown app from unusual path"
2026-04-30 13:39:15,MEDIUM,registry,136,system,"Untrusted process, Unknown app from unusual path"
2026-04-30 13:39:16,MEDIUM,memcompression,2880,system,"Untrusted process, Unknown app from unusual path"
2026-04-30 13:39:19,HIGH,powershell.exe,14784,cmd.exe,"Untrusted process, Suspicious process spawned by shell"
2026-04-30 13:39:20,MEDIUM,pet.exe,24948,code.exe,"Untrusted process, Unknown app from unusual path"
2026-04-30 13:39:25,MEDIUM,system,4,system idle process,"Untrusted process, Unknown app from unusual path"
2026-04-30 13:39:25,MEDIUM,,92,system,"Untrusted process, Unknown app from unusual path"
2026-04-30 13:39:25,MEDIUM,registry,136,system,"Untrusted process, Unknown app from unusual path"
2026-04-30 13:39:26,MEDIUM,memcompression,2880,system,"Untrusted process, Unknown app from unusual path"
2026-04-30 13:39:28,HIGH,powershell.exe,14784,cmd.exe,"Untrusted process, Suspicious process spawned by shell"
2026-04-30 13:39:29,HIGH,notepad.exe,24180,powershell.exe,"Untrusted process, Suspicious process spawned by shell"
2026-04-30 13:39:29,MEDIUM,pet.exe,24948,code.exe,"Untrusted process, Unknown app from unusual path"
2026-04-30 13:39:34,MEDIUM,system,4,system idle process,"Untrusted process, Unknown app from unusual path"
2026-04-30 13:39:34,MEDIUM,,92,system,"Untrusted process, Unknown app from unusual path"
2026-04-30 13:39:34,MEDIUM,registry,136,system,"Untrusted process, Unknown app from unusual path"
2026-04-30 13:39:35,MEDIUM,memcompression,2880,system,"Untrusted process, Unknown app from unusual path"
2026-04-30 13:39:38,HIGH,powershell.exe,14784,cmd.exe,"Untrusted process, Suspicious process spawned by shell"
2026-04-30 13:39:38,HIGH,notepad.exe,24180,powershell.exe,"Untrusted process, Suspicious process spawned by shell"
2026-04-30 13:39:39,MEDIUM,pet.exe,24948,code.exe,"Untrusted process, Unknown app from unusual path"
2026-04-30 13:39:44,MEDIUM,system,4,system idle process,"Untrusted process, Unknown app from unusual path"
2026-04-30 13:39:44,MEDIUM,,92,system,"Untrusted process, Unknown app from unusual path"
2026-04-30 13:39:44,MEDIUM,registry,136,system,"Untrusted process, Unknown app from unusual path"
2026-04-30 13:39:45,MEDIUM,memcompression,2880,system,"Untrusted process, Unknown app from unusual path"
2026-04-30 13:39:48,HIGH,powershell.exe,14784,cmd.exe,"Untrusted process, Suspicious process spawned by shell"
2026-04-30 13:39:49,HIGH,notepad.exe,24180,powershell.exe,"Untrusted process, Suspicious process spawned by shell"
2026-04-30 13:39:49,MEDIUM,pet.exe,24948,code.exe,"Untrusted process, Unknown app from unusual path"
2026-04-30 13:39:54,MEDIUM,system,4,system idle process,"Untrusted process, Unknown app from unusual path"
2026-04-30 13:39:54,MEDIUM,,92,system,"Untrusted process, Unknown app from unusual path"
2026-04-30 13:39:54,MEDIUM,registry,136,system,"Untrusted process, Unknown app from unusual path"
2026-04-30 13:39:55,MEDIUM,memcompression,2880,system,"Untrusted process, Unknown app from unusual path"
2026-04-30 13:39:59,HIGH,powershell.exe,14784,cmd.exe,"Untrusted process, Suspicious process spawned by shell"
2026-04-30 13:40:01,HIGH,notepad.exe,24180,powershell.exe,"Untrusted process, Suspicious process spawned by shell"
2026-04-30 13:40:01,MEDIUM,pet.exe,24948,code.exe,"Untrusted process, Unknown app from unusual path"
2026-05-11 21:13:31,MEDIUM,system,4,system idle process,"Untrusted process, Unknown app from unusual path"
2026-05-11 21:13:31,MEDIUM,,92,system,"Untrusted process, Unknown app from unusual path"
2026-05-11 21:13:31,MEDIUM,registry,136,system,"Untrusted process, Unknown app from unusual path"
2026-05-11 21:13:32,MEDIUM,memcompression,2880,system,"Untrusted process, Unknown app from unusual path"
2026-05-11 21:13:35,MEDIUM,pet.exe,17924,code.exe,"Untrusted process, Unknown app from unusual path"
2026-05-11 21:13:42,MEDIUM,system,4,system idle process,"Untrusted process, Unknown app from unusual path"
2026-05-11 21:13:42,MEDIUM,,92,system,"Untrusted process, Unknown app from unusual path"
2026-05-11 21:13:42,MEDIUM,registry,136,system,"Untrusted process, Unknown app from unusual path"
2026-05-11 21:13:42,MEDIUM,memcompression,2880,system,"Untrusted process, Unknown app from unusual path"
2026-05-11 21:13:45,MEDIUM,pet.exe,17924,code.exe,"Untrusted process, Unknown app from unusual path"
2026-05-11 21:13:50,MEDIUM,system,4,system idle process,"Untrusted process, Unknown app from unusual path"
2026-05-11 21:13:50,MEDIUM,,92,system,"Untrusted process, Unknown app from unusual path"
2026-05-11 21:13:50,MEDIUM,registry,136,system,"Untrusted process, Unknown app from unusual path"
2026-05-11 21:13:51,MEDIUM,memcompression,2880,system,"Untrusted process, Unknown app from unusual path"
2026-05-11 21:13:53,MEDIUM,pet.exe,17924,code.exe,"Untrusted process, Unknown app from unusual path"
2026-05-11 21:13:58,MEDIUM,system,4,system idle process,"Untrusted process, Unknown app from unusual path"
2026-05-11 21:13:58,MEDIUM,,92,system,"Untrusted process, Unknown app from unusual path"
2026-05-11 21:13:58,MEDIUM,registry,136,system,"Untrusted process, Unknown app from unusual path"
2026-05-11 21:13:59,MEDIUM,memcompression,2880,system,"Untrusted process, Unknown app from unusual path"
2026-05-11 21:14:03,MEDIUM,pet.exe,17924,code.exe,"Untrusted process, Unknown app from unusual path"
2026-05-11 21:14:04,HIGH,powershell.exe,25480,cmd.exe,"Untrusted process, Suspicious process spawned by shell"
2026-05-11 21:14:10,MEDIUM,system,4,system idle process,"Untrusted process, Unknown app from unusual path"
2026-05-11 21:14:10,MEDIUM,,92,system,"Untrusted process, Unknown app from unusual path"
2026-05-11 21:14:10,MEDIUM,registry,136,system,"Untrusted process, Unknown app from unusual path"
2026-05-11 21:14:12,MEDIUM,memcompression,2880,system,"Untrusted process, Unknown app from unusual path"
2026-05-11 21:14:17,MEDIUM,pet.exe,17924,code.exe,"Untrusted process, Unknown app from unusual path"
2026-05-11 21:14:18,HIGH,powershell.exe,25480,cmd.exe,"Untrusted process, Suspicious process spawned by shell"
2026-05-11 21:14:23,MEDIUM,system,4,system idle process,"Untrusted process, Unknown app from unusual path"
2026-05-11 21:14:24,MEDIUM,,92,system,"Untrusted process, Unknown app from unusual path"
2026-05-11 21:14:24,MEDIUM,registry,136,system,"Untrusted process, Unknown app from unusual path"
2026-05-11 21:14:24,MEDIUM,memcompression,2880,system,"Untrusted process, Unknown app from unusual path"
2026-05-11 21:14:26,MEDIUM,pet.exe,17924,code.exe,"Untrusted process, Unknown app from unusual path"
2026-05-11 21:14:27,HIGH,powershell.exe,25480,cmd.exe,"Untrusted process, Suspicious process spawned by shell"
2026-05-11 21:14:32,MEDIUM,system,4,system idle process,"Untrusted process, Unknown app from unusual path"
2026-05-11 21:14:32,MEDIUM,,92,system,"Untrusted process, Unknown app from unusual path"
2026-05-11 21:14:32,MEDIUM,registry,136,system,"Untrusted process, Unknown app from unusual path"
2026-05-11 21:14:34,MEDIUM,memcompression,2880,system,"Untrusted process, Unknown app from unusual path"
2026-05-11 21:14:36,MEDIUM,pet.exe,17924,code.exe,"Untrusted process, Unknown app from unusual path"
2026-05-11 21:14:36,HIGH,powershell.exe,25480,cmd.exe,"Untrusted process, Suspicious process spawned by shell"
2026-05-11 21:14:41,MEDIUM,system,4,system idle process,"Untrusted process, Unknown app from unusual path"
2026-05-11 21:14:41,MEDIUM,,92,system,"Untrusted process, Unknown app from unusual path"
2026-05-11 21:14:41,MEDIUM,registry,136,system,"Untrusted process, Unknown app from unusual path"
2026-05-11 21:14:42,MEDIUM,memcompression,2880,system,"Untrusted process, Unknown app from unusual path"
2026-05-11 21:14:44,MEDIUM,pet.exe,17924,code.exe,"Untrusted process, Unknown app from unusual path"
2026-05-11 21:14:44,HIGH,powershell.exe,25480,cmd.exe,"Untrusted process, Suspicious process spawned by shell"
2026-05-11 21:14:50,MEDIUM,system,4,system idle process,"Untrusted process, Unknown app from unusual path"
2026-05-11 21:14:50,MEDIUM,,92,system,"Untrusted process, Unknown app from unusual path"
2026-05-11 21:14:50,MEDIUM,registry,136,system,"Untrusted process, Unknown app from unusual path"
2026-05-11 21:14:50,MEDIUM,memcompression,2880,system,"Untrusted process, Unknown app from unusual path"
2026-05-11 21:14:52,MEDIUM,pet.exe,17924,code.exe,"Untrusted process, Unknown app from unusual path"
2026-05-11 21:14:53,HIGH,powershell.exe,25480,cmd.exe,"Untrusted process, Suspicious process spawned by shell"
2026-05-11 21:14:58,MEDIUM,system,4,system idle process,"Untrusted process, Unknown app from unusual path"
2026-05-11 21:14:58,MEDIUM,,92,system,"Untrusted process, Unknown app from unusual path"
2026-05-11 21:14:58,MEDIUM,registry,136,system,"Untrusted process, Unknown app from unusual path"
2026-05-11 21:14:59,MEDIUM,memcompression,2880,system,"Untrusted process, Unknown app from unusual path"
2026-05-11 21:15:01,MEDIUM,pet.exe,17924,code.exe,"Untrusted process, Unknown app from unusual path"
2026-05-11 21:15:01,HIGH,powershell.exe,25480,cmd.exe,"Untrusted process, Suspicious process spawned by shell"
2026-05-11 21:15:07,MEDIUM,system,4,system idle process,"Untrusted process, Unknown app from unusual path"
2026-05-11 21:15:07,MEDIUM,,92,system,"Untrusted process, Unknown app from unusual path"
2026-05-11 21:15:07,MEDIUM,registry,136,system,"Untrusted process, Unknown app from unusual path"
2026-05-11 21:15:07,MEDIUM,memcompression,2880,system,"Untrusted process, Unknown app from unusual path"
2026-05-11 21:15:09,MEDIUM,pet.exe,17924,code.exe,"Untrusted process, Unknown app from unusual path"
2026-05-11 21:15:10,HIGH,powershell.exe,25480,cmd.exe,"Untrusted process, Suspicious process spawned by shell"
2026-05-11 21:15:15,MEDIUM,system,4,system idle process,"Untrusted process, Unknown app from unusual path"
2026-05-11 21:15:15,MEDIUM,,92,system,"Untrusted process, Unknown app from unusual path"
2026-05-11 21:15:15,MEDIUM,registry,136,system,"Untrusted process, Unknown app from unusual path"
2026-05-11 21:15:16,MEDIUM,memcompression,2880,system,"Untrusted process, Unknown app from unusual path"
2026-05-11 21:15:21,MEDIUM,pet.exe,17924,code.exe,"Untrusted process, Unknown app from unusual path"
2026-05-11 21:15:22,HIGH,powershell.exe,25480,cmd.exe,"Untrusted process, Suspicious process spawned by shell"
2026-05-11 21:15:27,MEDIUM,system,4,system idle process,"Untrusted process, Unknown app from unusual path"
2026-05-11 21:15:27,MEDIUM,,92,system,"Untrusted process, Unknown app from unusual path"
2026-05-11 21:15:27,MEDIUM,registry,136,system,"Untrusted process, Unknown app from unusual path"
2026-05-11 21:15:29,MEDIUM,memcompression,2880,system,"Untrusted process, Unknown app from unusual path"
2026-05-11 21:15:34,MEDIUM,pet.exe,17924,code.exe,"Untrusted process, Unknown app from unusual path"
2026-05-11 21:15:35,HIGH,powershell.exe,25480,cmd.exe,"Untrusted process, Suspicious process spawned by shell"
2026-05-11 21:15:41,MEDIUM,system,4,system idle process,"Untrusted process, Unknown app from unusual path"
2026-05-11 21:15:41,MEDIUM,,92,system,"Untrusted process, Unknown app from unusual path"
2026-05-11 21:15:41,MEDIUM,registry,136,system,"Untrusted process, Unknown app from unusual path"
2026-05-11 21:15:42,MEDIUM,memcompression,2880,system,"Untrusted process, Unknown app from unusual path"
2026-05-11 21:15:44,MEDIUM,pet.exe,17924,code.exe,"Untrusted process, Unknown app from unusual path"
2026-05-11 21:15:44,HIGH,powershell.exe,25480,cmd.exe,"Untrusted process, Suspicious process spawned by shell"
2026-05-11 21:15:50,MEDIUM,system,4,system idle process,"Untrusted process, Unknown app from unusual path"
2026-05-11 21:15:50,MEDIUM,,92,system,"Untrusted process, Unknown app from unusual path"
2026-05-11 21:15:50,MEDIUM,registry,136,system,"Untrusted process, Unknown app from unusual path"
2026-05-11 21:15:51,MEDIUM,memcompression,2880,system,"Untrusted process, Unknown app from unusual path"
2026-05-11 21:15:53,MEDIUM,pet.exe,17924,code.exe,"Untrusted process, Unknown app from unusual path"
2026-05-11 21:15:53,HIGH,powershell.exe,25480,cmd.exe,"Untrusted process, Suspicious process spawned by shell"
2026-05-11 21:15:58,MEDIUM,system,4,system idle process,"Untrusted process, Unknown app from unusual path"
2026-05-11 21:15:58,MEDIUM,,92,system,"Untrusted process, Unknown app from unusual path"
2026-05-11 21:15:58,MEDIUM,registry,136,system,"Untrusted process, Unknown app from unusual path"
2026-05-11 21:15:59,MEDIUM,memcompression,2880,system,"Untrusted process, Unknown app from unusual path"
2026-05-11 21:16:01,MEDIUM,pet.exe,17924,code.exe,"Untrusted process, Unknown app from unusual path"
2026-05-11 21:16:02,HIGH,powershell.exe,25480,cmd.exe,"Untrusted process, Suspicious process spawned by shell"
2026-05-11 21:16:07,MEDIUM,system,4,system idle process,"Untrusted process, Unknown app from unusual path"
2026-05-11 21:16:07,MEDIUM,,92,system,"Untrusted process, Unknown app from unusual path"
2026-05-11 21:16:07,MEDIUM,registry,136,system,"Untrusted process, Unknown app from unusual path"
2026-05-11 21:16:08,MEDIUM,memcompression,2880,system,"Untrusted process, Unknown app from unusual path"
2026-05-11 21:16:10,MEDIUM,pet.exe,17924,code.exe,"Untrusted process, Unknown app from unusual path"
2026-05-11 21:16:58,MEDIUM,system,4,system idle process,"Untrusted process, Unknown app from unusual path"
2026-05-11 21:16:58,MEDIUM,,92,system,"Untrusted process, Unknown app from unusual path"
2026-05-11 21:16:58,MEDIUM,registry,136,system,"Untrusted process, Unknown app from unusual path"
2026-05-11 21:16:59,MEDIUM,memcompression,2880,system,"Untrusted process, Unknown app from unusual path"
2026-05-11 21:17:03,MEDIUM,pet.exe,17924,code.exe,"Untrusted process, Unknown app from unusual path"
2026-05-11 21:17:09,MEDIUM,system,4,system idle process,"Untrusted process, Unknown app from unusual path"
2026-05-11 21:17:09,MEDIUM,,92,system,"Untrusted process, Unknown app from unusual path"
2026-05-11 21:17:09,MEDIUM,registry,136,system,"Untrusted process, Unknown app from unusual path"
2026-05-11 21:17:10,MEDIUM,memcompression,2880,system,"Untrusted process, Unknown app from unusual path"
2026-05-11 21:17:12,MEDIUM,pet.exe,17924,code.exe,"Untrusted process, Unknown app from unusual path"
2026-05-11 21:17:17,MEDIUM,system,4,system idle process,"Untrusted process, Unknown app from unusual path"
2026-05-11 21:17:17,MEDIUM,,92,system,"Untrusted process, Unknown app from unusual path"
2026-05-11 21:17:17,MEDIUM,registry,136,system,"Untrusted process, Unknown app from unusual path"
2026-05-11 21:17:18,MEDIUM,memcompression,2880,system,"Untrusted process, Unknown app from unusual path"
2026-05-11 21:17:20,MEDIUM,pet.exe,17924,code.exe,"Untrusted process, Unknown app from unusual path"
2026-05-11 21:17:26,MEDIUM,system,4,system idle process,"Untrusted process, Unknown app from unusual path"
2026-05-11 21:17:26,MEDIUM,,92,system,"Untrusted process, Unknown app from unusual path"
2026-05-11 21:17:26,MEDIUM,registry,136,system,"Untrusted process, Unknown app from unusual path"
2026-05-11 21:17:26,HIGH,powershell.exe,2540,cmd.exe,"Untrusted process, Suspicious process spawned by shell"
2026-05-11 21:17:27,MEDIUM,memcompression,2880,system,"Untrusted process, Unknown app from unusual path"
2026-05-11 21:17:29,MEDIUM,pet.exe,17924,code.exe,"Untrusted process, Unknown app from unusual path"
2026-05-11 21:17:34,MEDIUM,system,4,system idle process,"Untrusted process, Unknown app from unusual path"
2026-05-11 21:17:34,MEDIUM,,92,system,"Untrusted process, Unknown app from unusual path"
2026-05-11 21:17:34,MEDIUM,registry,136,system,"Untrusted process, Unknown app from unusual path"
2026-05-11 21:17:35,HIGH,powershell.exe,2540,cmd.exe,"Untrusted process, Suspicious process spawned by shell"
2026-05-11 21:17:35,MEDIUM,memcompression,2880,system,"Untrusted process, Unknown app from unusual path"
2026-05-11 21:17:37,MEDIUM,pet.exe,17924,code.exe,"Untrusted process, Unknown app from unusual path"
2026-05-11 21:17:43,MEDIUM,system,4,system idle process,"Untrusted process, Unknown app from unusual path"
2026-05-11 21:17:43,MEDIUM,,92,system,"Untrusted process, Unknown app from unusual path"
2026-05-11 21:17:43,MEDIUM,registry,136,system,"Untrusted process, Unknown app from unusual path"
2026-05-11 21:17:44,HIGH,powershell.exe,2540,cmd.exe,"Untrusted process, Suspicious process spawned by shell"
2026-05-11 21:17:44,MEDIUM,memcompression,2880,system,"Untrusted process, Unknown app from unusual path"
2026-05-11 21:17:46,MEDIUM,pet.exe,17924,code.exe,"Untrusted process, Unknown app from unusual path"
2026-05-11 21:17:52,MEDIUM,system,4,system idle process,"Untrusted process, Unknown app from unusual path"
2026-05-11 21:17:52,MEDIUM,,92,system,"Untrusted process, Unknown app from unusual path"
2026-05-11 21:17:52,MEDIUM,registry,136,system,"Untrusted process, Unknown app from unusual path"
2026-05-11 21:17:52,HIGH,powershell.exe,2540,cmd.exe,"Untrusted process, Suspicious process spawned by shell"
2026-05-11 21:17:53,MEDIUM,memcompression,2880,system,"Untrusted process, Unknown app from unusual path"
2026-05-11 21:17:55,MEDIUM,pet.exe,17924,code.exe,"Untrusted process, Unknown app from unusual path"
2026-05-11 21:18:00,MEDIUM,system,4,system idle process,"Untrusted process, Unknown app from unusual path"
2026-05-11 21:18:00,MEDIUM,,92,system,"Untrusted process, Unknown app from unusual path"
2026-05-11 21:18:00,MEDIUM,registry,136,system,"Untrusted process, Unknown app from unusual path"
2026-05-11 21:18:01,HIGH,powershell.exe,2540,cmd.exe,"Untrusted process, Suspicious process spawned by shell"
2026-05-11 21:18:01,MEDIUM,memcompression,2880,system,"Untrusted process, Unknown app from unusual path"
2026-05-11 21:18:03,MEDIUM,pet.exe,17924,code.exe,"Untrusted process, Unknown app from unusual path"
2026-05-11 21:18:08,MEDIUM,system,4,system idle process,"Untrusted process, Unknown app from unusual path"
2026-05-11 21:18:09,MEDIUM,,92,system,"Untrusted process, Unknown app from unusual path"
2026-05-11 21:18:09,MEDIUM,registry,136,system,"Untrusted process, Unknown app from unusual path"
2026-05-11 21:18:09,HIGH,powershell.exe,2540,cmd.exe,"Untrusted process, Suspicious process spawned by shell"
2026-05-11 21:18:09,MEDIUM,memcompression,2880,system,"Untrusted process, Unknown app from unusual path"
2026-05-11 21:18:12,MEDIUM,pet.exe,17924,code.exe,"Untrusted process, Unknown app from unusual path"
2026-05-11 21:18:17,MEDIUM,system,4,system idle process,"Untrusted process, Unknown app from unusual path"
2026-05-11 21:18:17,MEDIUM,,92,system,"Untrusted process, Unknown app from unusual path"
2026-05-11 21:18:17,MEDIUM,registry,136,system,"Untrusted process, Unknown app from unusual path"
2026-05-11 21:18:19,HIGH,powershell.exe,2540,cmd.exe,"Untrusted process, Suspicious process spawned by shell"
2026-05-11 21:18:20,MEDIUM,memcompression,2880,system,"Untrusted process, Unknown app from unusual path"
